url,family,sources,intended_indexable,status,final_path,final_status,redirect_hops,in_sitemap,robots,canonical,canonical_is_self,title,title_length,description,description_length,h1_count,h1,h2_count,main_words,prerendered,images,images_missing_alt,images_missing_dimensions,schema_types,schema_errors,inbound_links,outbound_links
/,home,registry:home sitemap redirect-target internal-link canonical-target served-file,true,200,/,200,0,true,"index, follow, max-image-preview:large, max-snippet:-1, max-video-preview:-1",https://www.electricscouts.com/,true,Compare Electricity Rates in 12 States | Electric Scouts,56,Compare electricity plans across the 12 US states where you choose your supplier. Enter a ZIP code or upload a bill to see what you pay and what is available.,158,1,Compare Electricity Rates Across 12 Deregulated States,8,1143,true,0,0,0,Organization WebSite,,345,54
/404.html,static,served-file,false,200,/404.html,200,0,false,"noindex, follow",,,Page Not Found | Electric Scouts,32,"The page you are looking for does not exist. Browse electricity rates by state, city or provider instead.",105,1,Page Not Found,0,21,true,0,0,0,Organization WebSite BreadcrumbList,,0,32
/about-us,static,registry:static sitemap redirect-target internal-link canonical-target served-file,true,200,/about-us,200,0,true,"index, follow, max-image-preview:large, max-snippet:-1, max-video-preview:-1",https://www.electricscouts.com/about-us,true,About Electric Scouts | Who We Are & Why We Built This,54,"Electric Scouts is an independent electricity comparison service covering 12 deregulated states. What we track, what we do not do, and how we make money.",153,1,About Electric Scouts,8,1444,true,0,0,0,Organization WebSite BreadcrumbList FAQPage,,345,37
/aboutus,redirect,redirect-source,false,301,/about-us,200,1,false,"index, follow, max-image-preview:large, max-snippet:-1, max-video-preview:-1",https://www.electricscouts.com/about-us,false,About Electric Scouts | Who We Are & Why We Built This,54,"Electric Scouts is an independent electricity comparison service covering 12 deregulated states. What we track, what we do not do, and how we make money.",153,1,About Electric Scouts,8,1444,true,0,0,0,Organization WebSite BreadcrumbList FAQPage,,0,0
/AboutUs,redirect,redirect-source,false,301,/about-us,200,1,false,"index, follow, max-image-preview:large, max-snippet:-1, max-video-preview:-1",https://www.electricscouts.com/about-us,false,About Electric Scouts | Who We Are & Why We Built This,54,"Electric Scouts is an independent electricity comparison service covering 12 deregulated states. What we track, what we do not do, and how we make money.",153,1,About Electric Scouts,8,1444,true,0,0,0,Organization WebSite BreadcrumbList FAQPage,,0,0
/admin,rewrite,rewrite-source,false,200,/admin,200,0,false,"noindex, follow",,,Electric Scouts,15,,0,0,,0,0,false,0,0,0,,,0,0
/all-cities,static,registry:static sitemap redirect-target internal-link canonical-target served-file,true,200,/all-cities,200,0,true,"index, follow, max-image-preview:large, max-snippet:-1, max-video-preview:-1",https://www.electricscouts.com/all-cities,true,Electricity Rates by City | Electric Scouts,43,"Local electricity rates, utilities and coverage for every city we publish, from Houston and Dallas to Chicago, Philadelphia and New York.",137,1,Electricity Rates by City,13,675,true,0,0,0,Organization WebSite BreadcrumbList,,345,178
/all-providers,static,registry:static sitemap redirect-target internal-link canonical-target served-file,true,200,/all-providers,200,0,true,"index, follow, max-image-preview:large, max-snippet:-1, max-video-preview:-1",https://www.electricscouts.com/all-providers,true,Electricity Supplier Directory | Electric Scouts,48,"Browse every electricity supplier we track across 12 deregulated states, with the plans they offer, the states they cover and their contract terms.",147,1,Electricity Providers Directory,10,1628,true,0,0,0,Organization WebSite BreadcrumbList FAQPage,,345,119
/all-states,static,registry:static sitemap redirect-target internal-link canonical-target served-file,true,200,/all-states,200,0,true,"index, follow, max-image-preview:large, max-snippet:-1, max-video-preview:-1",https://www.electricscouts.com/all-states,true,Deregulated Electricity States | Electric Scouts,48,"Compare electricity markets in the 12 US states where households choose their own supplier — plans tracked, suppliers and rate ranges for each market.",150,1,Electricity Rates by State,7,1372,true,0,0,0,Organization WebSite BreadcrumbList FAQPage,,345,47
/allcities,redirect,redirect-source,false,301,/all-cities,200,1,false,"index, follow, max-image-preview:large, max-snippet:-1, max-video-preview:-1",https://www.electricscouts.com/all-cities,false,Electricity Rates by City | Electric Scouts,43,"Local electricity rates, utilities and coverage for every city we publish, from Houston and Dallas to Chicago, Philadelphia and New York.",137,1,Electricity Rates by City,13,675,true,0,0,0,Organization WebSite BreadcrumbList,,0,0
/AllCities,redirect,redirect-source,false,301,/all-cities,200,1,false,"index, follow, max-image-preview:large, max-snippet:-1, max-video-preview:-1",https://www.electricscouts.com/all-cities,false,Electricity Rates by City | Electric Scouts,43,"Local electricity rates, utilities and coverage for every city we publish, from Houston and Dallas to Chicago, Philadelphia and New York.",137,1,Electricity Rates by City,13,675,true,0,0,0,Organization WebSite BreadcrumbList,,0,0
/allproviders,redirect,redirect-source,false,301,/all-providers,200,1,false,"index, follow, max-image-preview:large, max-snippet:-1, max-video-preview:-1",https://www.electricscouts.com/all-providers,false,Electricity Supplier Directory | Electric Scouts,48,"Browse every electricity supplier we track across 12 deregulated states, with the plans they offer, the states they cover and their contract terms.",147,1,Electricity Providers Directory,10,1628,true,0,0,0,Organization WebSite BreadcrumbList FAQPage,,0,0
/AllProviders,redirect,redirect-source,false,301,/all-providers,200,1,false,"index, follow, max-image-preview:large, max-snippet:-1, max-video-preview:-1",https://www.electricscouts.com/all-providers,false,Electricity Supplier Directory | Electric Scouts,48,"Browse every electricity supplier we track across 12 deregulated states, with the plans they offer, the states they cover and their contract terms.",147,1,Electricity Providers Directory,10,1628,true,0,0,0,Organization WebSite BreadcrumbList FAQPage,,0,0
/allstates,redirect,redirect-source,false,301,/all-states,200,1,false,"index, follow, max-image-preview:large, max-snippet:-1, max-video-preview:-1",https://www.electricscouts.com/all-states,false,Deregulated Electricity States | Electric Scouts,48,"Compare electricity markets in the 12 US states where households choose their own supplier — plans tracked, suppliers and rate ranges for each market.",150,1,Electricity Rates by State,7,1372,true,0,0,0,Organization WebSite BreadcrumbList FAQPage,,0,0
/AllStates,redirect,redirect-source,false,301,/all-states,200,1,false,"index, follow, max-image-preview:large, max-snippet:-1, max-video-preview:-1",https://www.electricscouts.com/all-states,false,Deregulated Electricity States | Electric Scouts,48,"Compare electricity markets in the 12 US states where households choose their own supplier — plans tracked, suppliers and rate ranges for each market.",150,1,Electricity Rates by State,7,1372,true,0,0,0,Organization WebSite BreadcrumbList FAQPage,,0,0
/app-shell.html,static,served-file,false,200,/app-shell.html,200,0,false,"noindex, follow",,,Electric Scouts,15,,0,0,,0,0,false,0,0,0,,,0,0
/article-detail,noindex,registry:noindex redirect-target canonical-target served-file,false,200,/article-detail,200,0,false,"noindex, follow",https://www.electricscouts.com/article-detail,true,Learning Center | Electric Scouts,33,,0,1,Learning Center | Electric Scouts,0,5,true,0,0,0,Organization WebSite BreadcrumbList,,0,32
/articledetail,redirect,redirect-source,false,301,/article-detail,200,1,false,"noindex, follow",https://www.electricscouts.com/article-detail,false,Learning Center | Electric Scouts,33,,0,1,Learning Center | Electric Scouts,0,5,true,0,0,0,Organization WebSite BreadcrumbList,,0,0
/ArticleDetail,redirect,redirect-source,false,301,/article-detail,200,1,false,"noindex, follow",https://www.electricscouts.com/article-detail,false,Learning Center | Electric Scouts,33,,0,1,Learning Center | Electric Scouts,0,5,true,0,0,0,Organization WebSite BreadcrumbList,,0,0
/bill-analyzer,static,registry:static sitemap redirect-target internal-link canonical-target served-file,true,200,/bill-analyzer,200,0,true,"index, follow, max-image-preview:large, max-snippet:-1, max-video-preview:-1",https://www.electricscouts.com/bill-analyzer,true,Electricity Bill Analyzer | Electric Scouts,43,"Upload an electricity bill and see the rate you really pay once base charges, delivery and credits are counted, then compare it against plans sold at your ZIP.",159,1,Electricity Bill Analyzer,11,1711,true,0,0,0,Organization WebSite BreadcrumbList FAQPage,,345,38
/billanalyzer,redirect,redirect-source,false,301,/bill-analyzer,200,1,false,"index, follow, max-image-preview:large, max-snippet:-1, max-video-preview:-1",https://www.electricscouts.com/bill-analyzer,false,Electricity Bill Analyzer | Electric Scouts,43,"Upload an electricity bill and see the rate you really pay once base charges, delivery and credits are counted, then compare it against plans sold at your ZIP.",159,1,Electricity Bill Analyzer,11,1711,true,0,0,0,Organization WebSite BreadcrumbList FAQPage,,0,0
/BillAnalyzer,redirect,redirect-source,false,301,/bill-analyzer,200,1,false,"index, follow, max-image-preview:large, max-snippet:-1, max-video-preview:-1",https://www.electricscouts.com/bill-analyzer,false,Electricity Bill Analyzer | Electric Scouts,43,"Upload an electricity bill and see the rate you really pay once base charges, delivery and credits are counted, then compare it against plans sold at your ZIP.",159,1,Electricity Bill Analyzer,11,1711,true,0,0,0,Organization WebSite BreadcrumbList FAQPage,,0,0
/business-compare-rates,static,registry:static sitemap redirect-target internal-link canonical-target served-file,true,200,/business-compare-rates,200,0,true,"index, follow, max-image-preview:large, max-snippet:-1, max-video-preview:-1",https://www.electricscouts.com/business-compare-rates,true,Business Electricity Quotes | Electric Scouts,45,"Get commercial electricity quotes for your business. Commercial supply is priced against your load profile, so this is a quote request rather than a checkout.",158,1,Compare Business Electricity Rates,9,822,true,0,0,0,Organization WebSite BreadcrumbList FAQPage,,14,46
/business-electricity,static,registry:static sitemap redirect-target internal-link canonical-target served-file,true,200,/business-electricity,200,0,true,"index, follow, max-image-preview:large, max-snippet:-1, max-video-preview:-1",https://www.electricscouts.com/business-electricity,true,Business Electricity Rates and Pricing | Electric Scouts,56,"How commercial electricity is priced — demand charges, load profiles and contract terms — plus the business plans we track in each deregulated state.",149,1,Business Electricity Rates and Plans,10,1368,true,0,0,0,Organization WebSite BreadcrumbList FAQPage,,345,52
/business-hub,static,registry:static sitemap redirect-target internal-link canonical-target served-file,true,200,/business-hub,200,0,true,"index, follow, max-image-preview:large, max-snippet:-1, max-video-preview:-1",https://www.electricscouts.com/business-hub,true,Business Electricity by Company Size | Electric Scouts,54,"What a business needs from an electricity contract depends on its size and load shape. Compare the options for small, medium and industrial accounts.",149,1,Business Electricity Hub,9,1344,true,0,0,0,Organization WebSite BreadcrumbList FAQPage,,345,46
/business-quote-dashboard,noindex,registry:noindex redirect-target canonical-target served-file,false,200,/business-quote-dashboard,200,0,false,"noindex, follow",https://www.electricscouts.com/business-quote-dashboard,true,Business Quote Dashboard | Electric Scouts,42,,0,1,Business Quote Dashboard | Electric Scouts,0,6,true,0,0,0,Organization WebSite BreadcrumbList,,0,32
/businesscomparerates,redirect,redirect-source,false,301,/business-compare-rates,200,1,false,"index, follow, max-image-preview:large, max-snippet:-1, max-video-preview:-1",https://www.electricscouts.com/business-compare-rates,false,Business Electricity Quotes | Electric Scouts,45,"Get commercial electricity quotes for your business. Commercial supply is priced against your load profile, so this is a quote request rather than a checkout.",158,1,Compare Business Electricity Rates,9,822,true,0,0,0,Organization WebSite BreadcrumbList FAQPage,,0,0
/BusinessCompareRates,redirect,redirect-source,false,301,/business-compare-rates,200,1,false,"index, follow, max-image-preview:large, max-snippet:-1, max-video-preview:-1",https://www.electricscouts.com/business-compare-rates,false,Business Electricity Quotes | Electric Scouts,45,"Get commercial electricity quotes for your business. Commercial supply is priced against your load profile, so this is a quote request rather than a checkout.",158,1,Compare Business Electricity Rates,9,822,true,0,0,0,Organization WebSite BreadcrumbList FAQPage,,0,0
/businesselectricity,redirect,redirect-source,false,301,/business-electricity,200,1,false,"index, follow, max-image-preview:large, max-snippet:-1, max-video-preview:-1",https://www.electricscouts.com/business-electricity,false,Business Electricity Rates and Pricing | Electric Scouts,56,"How commercial electricity is priced — demand charges, load profiles and contract terms — plus the business plans we track in each deregulated state.",149,1,Business Electricity Rates and Plans,10,1368,true,0,0,0,Organization WebSite BreadcrumbList FAQPage,,0,0
/BusinessElectricity,redirect,redirect-source,false,301,/business-electricity,200,1,false,"index, follow, max-image-preview:large, max-snippet:-1, max-video-preview:-1",https://www.electricscouts.com/business-electricity,false,Business Electricity Rates and Pricing | Electric Scouts,56,"How commercial electricity is priced — demand charges, load profiles and contract terms — plus the business plans we track in each deregulated state.",149,1,Business Electricity Rates and Plans,10,1368,true,0,0,0,Organization WebSite BreadcrumbList FAQPage,,0,0
/businesshub,redirect,redirect-source,false,301,/business-hub,200,1,false,"index, follow, max-image-preview:large, max-snippet:-1, max-video-preview:-1",https://www.electricscouts.com/business-hub,false,Business Electricity by Company Size | Electric Scouts,54,"What a business needs from an electricity contract depends on its size and load shape. Compare the options for small, medium and industrial accounts.",149,1,Business Electricity Hub,9,1344,true,0,0,0,Organization WebSite BreadcrumbList FAQPage,,0,0
/BusinessHub,redirect,redirect-source,false,301,/business-hub,200,1,false,"index, follow, max-image-preview:large, max-snippet:-1, max-video-preview:-1",https://www.electricscouts.com/business-hub,false,Business Electricity by Company Size | Electric Scouts,54,"What a business needs from an electricity contract depends on its size and load shape. Compare the options for small, medium and industrial accounts.",149,1,Business Electricity Hub,9,1344,true,0,0,0,Organization WebSite BreadcrumbList FAQPage,,0,0
/businessquotedashboard,redirect,redirect-source,false,301,/business-quote-dashboard,200,1,false,"noindex, follow",https://www.electricscouts.com/business-quote-dashboard,false,Business Quote Dashboard | Electric Scouts,42,,0,1,Business Quote Dashboard | Electric Scouts,0,6,true,0,0,0,Organization WebSite BreadcrumbList,,0,0
/BusinessQuoteDashboard,redirect,redirect-source,false,301,/business-quote-dashboard,200,1,false,"noindex, follow",https://www.electricscouts.com/business-quote-dashboard,false,Business Quote Dashboard | Electric Scouts,42,,0,1,Business Quote Dashboard | Electric Scouts,0,6,true,0,0,0,Organization WebSite BreadcrumbList,,0,0
/city-rates,noindex,registry:noindex redirect-target canonical-target served-file,false,200,/city-rates,200,0,false,"noindex, follow",https://www.electricscouts.com/city-rates,true,Electricity Rates by City | Electric Scouts,43,,0,1,Electricity Rates by City | Electric Scouts,0,7,true,0,0,0,Organization WebSite BreadcrumbList,,0,32
/cityrates,redirect,redirect-source,false,301,/city-rates,200,1,false,"noindex, follow",https://www.electricscouts.com/city-rates,false,Electricity Rates by City | Electric Scouts,43,,0,1,Electricity Rates by City | Electric Scouts,0,7,true,0,0,0,Organization WebSite BreadcrumbList,,0,0
/CityRates,redirect,redirect-source,false,301,/city-rates,200,1,false,"noindex, follow",https://www.electricscouts.com/city-rates,false,Electricity Rates by City | Electric Scouts,43,,0,1,Electricity Rates by City | Electric Scouts,0,7,true,0,0,0,Organization WebSite BreadcrumbList,,0,0
/compare,compare-hub,registry:compare-hub sitemap internal-link canonical-target served-file,true,200,/compare,200,0,true,"index, follow, max-image-preview:large, max-snippet:-1, max-video-preview:-1",https://www.electricscouts.com/compare,true,Compare Electricity Suppliers Head to Head | Electric Scouts,60,"Side-by-side electricity comparisons from our plan catalog: supplier against supplier where both are sold, and plan type against plan type in all 12 states.",156,1,"Electricity Comparisons, Head to Head",7,977,true,0,0,0,Organization WebSite BreadcrumbList ItemList FAQPage,,345,63
/compare-rates,static,registry:static sitemap redirect-target internal-link canonical-target served-file,true,200,/compare-rates,200,0,true,"index, follow, max-image-preview:large, max-snippet:-1, max-video-preview:-1",https://www.electricscouts.com/compare-rates,true,Compare Electricity Rates Side by Side | Electric Scouts,56,"Enter your ZIP code and see the electricity plans sold in your area side by side — rate, contract term and early termination fee on the same row.",145,1,Compare Electricity Rates Side by Side,10,1475,true,0,0,0,Organization WebSite BreadcrumbList FAQPage,,345,49
/compare/12-month-vs-24-month-electricity-plans,comparison,registry:comparison sitemap internal-link canonical-target served-file,true,200,/compare/12-month-vs-24-month-electricity-plans,200,0,true,"index, follow, max-image-preview:large, max-snippet:-1, max-video-preview:-1",https://www.electricscouts.com/compare/12-month-vs-24-month-electricity-plans,true,12-Month vs 24-Month Electricity Plans Compared,47,12-month contracts against 24-month contracts in 12 deregulated states: what each costs and what each commits you to.,117,1,12-Month vs 24-Month Electricity Contracts,4,352,true,0,0,0,Organization WebSite BreadcrumbList FAQPage,,6,54
/compare/chariot-energy-vs-rhythm-energy,comparison,registry:comparison sitemap internal-link canonical-target served-file,true,200,/compare/chariot-energy-vs-rhythm-energy,200,0,true,"index, follow, max-image-preview:large, max-snippet:-1, max-video-preview:-1",https://www.electricscouts.com/compare/chariot-energy-vs-rhythm-energy,true,Chariot Energy vs Rhythm Energy Compared | Electric Scouts,58,"Chariot Energy vs Rhythm Energy in Texas: both start at the same entry rate. Plan counts, contract terms, renewable mix and early termination fees compared.",156,1,Chariot Energy vs Rhythm Energy,5,494,true,0,0,0,Organization WebSite BreadcrumbList FAQPage,,6,40
/compare/cleanchoice-energy-vs-constellation-energy,comparison,registry:comparison sitemap internal-link canonical-target served-file,true,200,/compare/cleanchoice-energy-vs-constellation-energy,200,0,true,"index, follow, max-image-preview:large, max-snippet:-1, max-video-preview:-1",https://www.electricscouts.com/compare/cleanchoice-energy-vs-constellation-energy,true,CleanChoice Energy vs Constellation Energy | Electric Scouts,60,"CleanChoice Energy vs Constellation Energy across 9 shared states: Constellation has the lower entry rate in 8. Plan counts, terms and renewable mix compared.",158,1,CleanChoice Energy vs Constellation Energy,6,766,true,0,0,0,Organization WebSite BreadcrumbList FAQPage,,18,55
/compare/cleanchoice-energy-vs-inspire-clean-energy,comparison,registry:comparison sitemap internal-link canonical-target served-file,true,200,/compare/cleanchoice-energy-vs-inspire-clean-energy,200,0,true,"index, follow, max-image-preview:large, max-snippet:-1, max-video-preview:-1",https://www.electricscouts.com/compare/cleanchoice-energy-vs-inspire-clean-energy,true,CleanChoice Energy vs Inspire Clean Energy | Electric Scouts,60,"CleanChoice Energy vs Inspire Clean Energy across 8 shared states: CleanChoice has the lower entry rate in 6. Plan counts, terms and renewable mix compared.",156,1,CleanChoice Energy vs Inspire Clean Energy,6,678,true,0,0,0,Organization WebSite BreadcrumbList FAQPage,,14,49
/compare/clearview-energy-vs-town-square-energy,comparison,registry:comparison sitemap internal-link canonical-target served-file,true,200,/compare/clearview-energy-vs-town-square-energy,200,0,true,"index, follow, max-image-preview:large, max-snippet:-1, max-video-preview:-1",https://www.electricscouts.com/compare/clearview-energy-vs-town-square-energy,true,Clearview Energy vs Town Square Energy | Electric Scouts,56,"Clearview Energy vs Town Square Energy across 7 shared states: Town Square has the lower entry rate in 6. Plan counts, terms and renewable mix compared.",152,1,Clearview Energy vs Town Square Energy,6,714,true,0,0,0,Organization WebSite BreadcrumbList FAQPage,,12,50
/compare/clearview-energy-vs-verde-energy,comparison,registry:comparison sitemap internal-link canonical-target served-file,true,200,/compare/clearview-energy-vs-verde-energy,200,0,true,"index, follow, max-image-preview:large, max-snippet:-1, max-video-preview:-1",https://www.electricscouts.com/compare/clearview-energy-vs-verde-energy,true,Clearview Energy vs Verde Energy Compared | Electric Scouts,59,"Clearview Energy vs Verde Energy across 10 shared states: Verde has the lower entry rate in 7. Plan counts, terms and renewable mix compared.",141,1,Clearview Energy vs Verde Energy,6,627,true,0,0,0,Organization WebSite BreadcrumbList FAQPage,,16,51
/compare/constellation-energy-vs-direct-energy,comparison,registry:comparison sitemap internal-link canonical-target served-file,true,200,/compare/constellation-energy-vs-direct-energy,200,0,true,"index, follow, max-image-preview:large, max-snippet:-1, max-video-preview:-1",https://www.electricscouts.com/compare/constellation-energy-vs-direct-energy,true,Constellation Energy vs Direct Energy | Electric Scouts,55,"Constellation Energy vs Direct Energy across 11 shared states: Direct has the lower entry rate in 7. Plan counts, terms and renewable mix compared.",147,1,Constellation Energy vs Direct Energy,6,750,true,0,0,0,Organization WebSite BreadcrumbList FAQPage,,21,56
/compare/constellation-energy-vs-green-mountain-energy,comparison,registry:comparison sitemap internal-link canonical-target served-file,true,200,/compare/constellation-energy-vs-green-mountain-energy,200,0,true,"index, follow, max-image-preview:large, max-snippet:-1, max-video-preview:-1",https://www.electricscouts.com/compare/constellation-energy-vs-green-mountain-energy,true,Constellation Energy vs Green Mountain Energy Compared,54,Constellation Energy vs Green Mountain Energy across 7 shared states: Constellation has the lower entry rate in 6. Rates and terms compared.,140,1,Constellation Energy vs Green Mountain Energy,6,737,true,0,0,0,Organization WebSite BreadcrumbList FAQPage,,15,54
/compare/constellation-energy-vs-verde-energy,comparison,registry:comparison sitemap internal-link canonical-target served-file,true,200,/compare/constellation-energy-vs-verde-energy,200,0,true,"index, follow, max-image-preview:large, max-snippet:-1, max-video-preview:-1",https://www.electricscouts.com/compare/constellation-energy-vs-verde-energy,true,Constellation Energy vs Verde Energy | Electric Scouts,54,"Constellation Energy vs Verde Energy across 11 shared states: Constellation has the lower entry rate in 9. Plan counts, terms and renewable mix compared.",153,1,Constellation Energy vs Verde Energy,6,759,true,0,0,0,Organization WebSite BreadcrumbList FAQPage,,20,55
/compare/constellation-energy-vs-xoom-energy,comparison,registry:comparison sitemap internal-link canonical-target served-file,true,200,/compare/constellation-energy-vs-xoom-energy,200,0,true,"index, follow, max-image-preview:large, max-snippet:-1, max-video-preview:-1",https://www.electricscouts.com/compare/constellation-energy-vs-xoom-energy,true,Constellation Energy vs XOOM Energy | Electric Scouts,53,"Constellation Energy vs XOOM Energy across 11 shared states: Constellation has the lower entry rate in 10. Plan counts, terms and renewable mix compared.",153,1,Constellation Energy vs XOOM Energy,6,738,true,0,0,0,Organization WebSite BreadcrumbList FAQPage,,21,56
/compare/direct-energy-vs-just-energy,comparison,registry:comparison sitemap internal-link canonical-target served-file,true,200,/compare/direct-energy-vs-just-energy,200,0,true,"index, follow, max-image-preview:large, max-snippet:-1, max-video-preview:-1",https://www.electricscouts.com/compare/direct-energy-vs-just-energy,true,Direct Energy vs Just Energy Compared | Electric Scouts,55,"Direct Energy vs Just Energy across 8 shared states: Direct has the lower entry rate in 6. Plan counts, contract terms, renewable mix and exit fees compared.",157,1,Direct Energy vs Just Energy,6,705,true,0,0,0,Organization WebSite BreadcrumbList FAQPage,,14,51
/compare/direct-energy-vs-xoom-energy,comparison,registry:comparison sitemap internal-link canonical-target served-file,true,200,/compare/direct-energy-vs-xoom-energy,200,0,true,"index, follow, max-image-preview:large, max-snippet:-1, max-video-preview:-1",https://www.electricscouts.com/compare/direct-energy-vs-xoom-energy,true,Direct Energy vs XOOM Energy Compared | Electric Scouts,55,"Direct Energy vs XOOM Energy across 10 shared states: Direct has the lower entry rate in 10. Plan counts, terms and renewable mix compared.",139,1,Direct Energy vs XOOM Energy,6,782,true,0,0,0,Organization WebSite BreadcrumbList FAQPage,,19,55
/compare/fixed-vs-variable-electricity-plans,comparison,registry:comparison sitemap internal-link canonical-target served-file,true,200,/compare/fixed-vs-variable-electricity-plans,200,0,true,"index, follow, max-image-preview:large, max-snippet:-1, max-video-preview:-1",https://www.electricscouts.com/compare/fixed-vs-variable-electricity-plans,true,Fixed vs Variable Electricity: Which Is Cheaper?,48,"273 fixed plans against 97 variable across 12 deregulated states. What each costs, what each commits you to, and which to pick.",127,1,Fixed vs Variable Electricity Plans,5,464,true,0,0,0,Organization WebSite BreadcrumbList FAQPage,,7,56
/compare/indra-energy-vs-spark-energy,comparison,registry:comparison sitemap internal-link canonical-target served-file,true,200,/compare/indra-energy-vs-spark-energy,200,0,true,"index, follow, max-image-preview:large, max-snippet:-1, max-video-preview:-1",https://www.electricscouts.com/compare/indra-energy-vs-spark-energy,true,Indra Energy vs Spark Energy Compared | Electric Scouts,55,"Indra Energy vs Spark Energy across 6 shared states: Indra has the lower entry rate in 5. Plan counts, contract terms, renewable mix and exit fees compared.",156,1,Indra Energy vs Spark Energy,6,592,true,0,0,0,Organization WebSite BreadcrumbList FAQPage,,10,46
/compare/inspire-clean-energy-vs-perch-energy,comparison,registry:comparison sitemap internal-link canonical-target served-file,true,200,/compare/inspire-clean-energy-vs-perch-energy,200,0,true,"index, follow, max-image-preview:large, max-snippet:-1, max-video-preview:-1",https://www.electricscouts.com/compare/inspire-clean-energy-vs-perch-energy,true,Inspire Clean Energy vs Perch Energy | Electric Scouts,54,"Inspire Clean Energy vs Perch Energy across 5 shared states: Perch has the lower entry rate in 3. Plan counts, terms and renewable mix compared.",144,1,Inspire Clean Energy vs Perch Energy,6,650,true,0,0,0,Organization WebSite BreadcrumbList FAQPage,,10,50
/compare/month-to-month-vs-fixed-term-electricity-plans,comparison,registry:comparison sitemap internal-link canonical-target served-file,true,200,/compare/month-to-month-vs-fixed-term-electricity-plans,200,0,true,"index, follow, max-image-preview:large, max-snippet:-1, max-video-preview:-1",https://www.electricscouts.com/compare/month-to-month-vs-fixed-term-electricity-plans,true,Month-to-Month vs Fixed-Term Electricity Plans,46,Month-to-month supply against Fixed-term contracts in 12 deregulated states: what each costs and what each commits you to.,122,1,Month-to-Month vs Fixed-Term Electricity Plans,4,422,true,0,0,0,Organization WebSite BreadcrumbList FAQPage,,6,54
/compare/no-early-termination-fee-vs-contract-electricity-plans,comparison,registry:comparison sitemap internal-link canonical-target served-file,true,200,/compare/no-early-termination-fee-vs-contract-electricity-plans,200,0,true,"index, follow, max-image-preview:large, max-snippet:-1, max-video-preview:-1",https://www.electricscouts.com/compare/no-early-termination-fee-vs-contract-electricity-plans,true,No Cancellation Fee vs Contract Electricity Plans,49,"105 no exit fee plans against 267 exit fee across 12 deregulated states. What each costs, what each commits you to, and which to pick.",134,1,No-Exit-Fee vs Contract Electricity Plans,5,457,true,0,0,0,Organization WebSite BreadcrumbList FAQPage,,6,56
/compare/octopus-energy-vs-rhythm-energy,comparison,registry:comparison sitemap internal-link canonical-target served-file,true,200,/compare/octopus-energy-vs-rhythm-energy,200,0,true,"index, follow, max-image-preview:large, max-snippet:-1, max-video-preview:-1",https://www.electricscouts.com/compare/octopus-energy-vs-rhythm-energy,true,Octopus Energy vs Rhythm Energy Compared | Electric Scouts,58,"Octopus Energy vs Rhythm Energy in Texas: Rhythm has the lower entry rate. Plan counts, contract terms, renewable mix and early termination fees compared.",154,1,Octopus Energy vs Rhythm Energy,5,546,true,0,0,0,Organization WebSite BreadcrumbList FAQPage,,6,40
/compare/perch-energy-vs-cleanchoice-energy,comparison,registry:comparison sitemap internal-link canonical-target served-file,true,200,/compare/perch-energy-vs-cleanchoice-energy,200,0,true,"index, follow, max-image-preview:large, max-snippet:-1, max-video-preview:-1",https://www.electricscouts.com/compare/perch-energy-vs-cleanchoice-energy,true,Perch Energy vs CleanChoice Energy | Electric Scouts,52,"Perch Energy vs CleanChoice Energy across 6 shared states: they split the 6 markets evenly. Plan counts, contract terms, renewable mix and exit fees compared.",158,1,Perch Energy vs CleanChoice Energy,6,680,true,0,0,0,Organization WebSite BreadcrumbList FAQPage,,12,51
/compare/renewable-vs-standard-electricity-plans,comparison,registry:comparison sitemap internal-link canonical-target served-file,true,200,/compare/renewable-vs-standard-electricity-plans,200,0,true,"index, follow, max-image-preview:large, max-snippet:-1, max-video-preview:-1",https://www.electricscouts.com/compare/renewable-vs-standard-electricity-plans,true,Renewable vs Standard Electricity Plans Compared,48,100% renewable plans against All plans in the market in 12 deregulated states: what each costs and what each commits you to.,124,1,Renewable vs Standard Electricity Plans,4,358,true,0,0,0,Organization WebSite BreadcrumbList FAQPage,,6,54
/compare/residential-vs-business-electricity-plans,comparison,registry:comparison sitemap internal-link canonical-target served-file,true,200,/compare/residential-vs-business-electricity-plans,200,0,true,"index, follow, max-image-preview:large, max-snippet:-1, max-video-preview:-1",https://www.electricscouts.com/compare/residential-vs-business-electricity-plans,true,Residential vs Business Electricity Rates | Electric Scouts,59,"324 residential plans against 48 business across 12 deregulated states. What each costs, what each commits you to, and which to pick.",133,1,Residential vs Business Electricity Plans,5,437,true,0,0,0,Organization WebSite BreadcrumbList FAQPage,,6,56
/compare/rhythm-energy-vs-green-mountain-energy,comparison,registry:comparison sitemap internal-link canonical-target served-file,true,200,/compare/rhythm-energy-vs-green-mountain-energy,200,0,true,"index, follow, max-image-preview:large, max-snippet:-1, max-video-preview:-1",https://www.electricscouts.com/compare/rhythm-energy-vs-green-mountain-energy,true,Rhythm Energy vs Green Mountain Energy | Electric Scouts,56,"Rhythm Energy vs Green Mountain Energy in Texas: Rhythm has the lower entry rate. Plan counts, contract terms and renewable mix compared.",137,1,Rhythm Energy vs Green Mountain Energy,6,572,true,0,0,0,Organization WebSite BreadcrumbList FAQPage,,7,47
/compare/spark-energy-vs-think-energy,comparison,registry:comparison sitemap internal-link canonical-target served-file,true,200,/compare/spark-energy-vs-think-energy,200,0,true,"index, follow, max-image-preview:large, max-snippet:-1, max-video-preview:-1",https://www.electricscouts.com/compare/spark-energy-vs-think-energy,true,Spark Energy vs Think Energy Compared | Electric Scouts,55,"Spark Energy vs Think Energy across 7 shared states: Think has the lower entry rate in 7. Plan counts, contract terms, renewable mix and exit fees compared.",156,1,Spark Energy vs Think Energy,6,597,true,0,0,0,Organization WebSite BreadcrumbList FAQPage,,11,46
/compare/town-square-energy-vs-xoom-energy,comparison,registry:comparison sitemap internal-link canonical-target served-file,true,200,/compare/town-square-energy-vs-xoom-energy,200,0,true,"index, follow, max-image-preview:large, max-snippet:-1, max-video-preview:-1",https://www.electricscouts.com/compare/town-square-energy-vs-xoom-energy,true,Town Square Energy vs XOOM Energy Compared | Electric Scouts,60,"Town Square Energy vs XOOM Energy across 8 shared states: Town Square has the lower entry rate in 6. Plan counts, terms and renewable mix compared.",147,1,Town Square Energy vs XOOM Energy,6,728,true,0,0,0,Organization WebSite BreadcrumbList FAQPage,,15,52
/compare/txu-energy-vs-direct-energy,comparison,registry:comparison sitemap internal-link canonical-target served-file,true,200,/compare/txu-energy-vs-direct-energy,200,0,true,"index, follow, max-image-preview:large, max-snippet:-1, max-video-preview:-1",https://www.electricscouts.com/compare/txu-energy-vs-direct-energy,true,TXU Energy vs Direct Energy Compared | Electric Scouts,54,"TXU Energy vs Direct Energy in Texas: TXU Energy has the lower entry rate. Plan counts, contract terms, renewable mix and early termination fees compared.",154,1,TXU Energy vs Direct Energy,6,693,true,0,0,0,Organization WebSite BreadcrumbList FAQPage,,8,52
/compare/txu-energy-vs-reliant-energy,comparison,registry:comparison sitemap internal-link canonical-target served-file,true,200,/compare/txu-energy-vs-reliant-energy,200,0,true,"index, follow, max-image-preview:large, max-snippet:-1, max-video-preview:-1",https://www.electricscouts.com/compare/txu-energy-vs-reliant-energy,true,TXU Energy vs Reliant Energy Compared | Electric Scouts,55,"TXU Energy vs Reliant Energy in Texas: TXU Energy has the lower entry rate. Plan counts, contract terms, renewable mix and early termination fees compared.",155,1,TXU Energy vs Reliant Energy,5,537,true,0,0,0,Organization WebSite BreadcrumbList FAQPage,,5,39
/compare/xoom-energy-vs-verde-energy,comparison,registry:comparison sitemap internal-link canonical-target served-file,true,200,/compare/xoom-energy-vs-verde-energy,200,0,true,"index, follow, max-image-preview:large, max-snippet:-1, max-video-preview:-1",https://www.electricscouts.com/compare/xoom-energy-vs-verde-energy,true,XOOM Energy vs Verde Energy Compared | Electric Scouts,54,"XOOM Energy vs Verde Energy across 11 shared states: Verde has the lower entry rate in 9. Plan counts, contract terms, renewable mix and exit fees compared.",156,1,XOOM Energy vs Verde Energy,5,600,true,0,0,0,Organization WebSite BreadcrumbList FAQPage,,19,53
/comparerates,redirect,redirect-source,false,301,/compare-rates,200,1,false,"index, follow, max-image-preview:large, max-snippet:-1, max-video-preview:-1",https://www.electricscouts.com/compare-rates,false,Compare Electricity Rates Side by Side | Electric Scouts,56,"Enter your ZIP code and see the electricity plans sold in your area side by side — rate, contract term and early termination fee on the same row.",145,1,Compare Electricity Rates Side by Side,10,1475,true,0,0,0,Organization WebSite BreadcrumbList FAQPage,,0,0
/CompareRates,redirect,redirect-source,false,301,/compare-rates,200,1,false,"index, follow, max-image-preview:large, max-snippet:-1, max-video-preview:-1",https://www.electricscouts.com/compare-rates,false,Compare Electricity Rates Side by Side | Electric Scouts,56,"Enter your ZIP code and see the electricity plans sold in your area side by side — rate, contract term and early termination fee on the same row.",145,1,Compare Electricity Rates Side by Side,10,1475,true,0,0,0,Organization WebSite BreadcrumbList FAQPage,,0,0
/connecticut-electricity,state,registry:state sitemap redirect-target internal-link canonical-target served-file,true,200,/connecticut-electricity,200,0,true,"index, follow, max-image-preview:large, max-snippet:-1, max-video-preview:-1",https://www.electricscouts.com/connecticut-electricity,true,Connecticut Electricity Rates & Providers | Electric Scouts,59,"Compare 23 Connecticut electricity plans from 14 suppliers, 9.8¢/kWh–14.49¢/kWh. Rates by city, renewable options and how switching works.",138,1,Connecticut Electricity Rates and Providers,10,711,true,0,0,0,Organization WebSite BreadcrumbList FAQPage,,345,80
/connecticutelectricity,redirect,redirect-source,false,301,/connecticut-electricity,200,1,false,"index, follow, max-image-preview:large, max-snippet:-1, max-video-preview:-1",https://www.electricscouts.com/connecticut-electricity,false,Connecticut Electricity Rates & Providers | Electric Scouts,59,"Compare 23 Connecticut electricity plans from 14 suppliers, 9.8¢/kWh–14.49¢/kWh. Rates by city, renewable options and how switching works.",138,1,Connecticut Electricity Rates and Providers,10,711,true,0,0,0,Organization WebSite BreadcrumbList FAQPage,,0,0
/ConnecticutElectricity,redirect,redirect-source,false,301,/connecticut-electricity,200,1,false,"index, follow, max-image-preview:large, max-snippet:-1, max-video-preview:-1",https://www.electricscouts.com/connecticut-electricity,false,Connecticut Electricity Rates & Providers | Electric Scouts,59,"Compare 23 Connecticut electricity plans from 14 suppliers, 9.8¢/kWh–14.49¢/kWh. Rates by city, renewable options and how switching works.",138,1,Connecticut Electricity Rates and Providers,10,711,true,0,0,0,Organization WebSite BreadcrumbList FAQPage,,0,0
/electricity-rates/connecticut/bridgeport,city,registry:city sitemap internal-link canonical-target served-file,true,200,/electricity-rates/connecticut/bridgeport,200,0,true,"index, follow, max-image-preview:large, max-snippet:-1, max-video-preview:-1",https://www.electricscouts.com/electricity-rates/connecticut/bridgeport,true,"Compare Electricity Rates in Bridgeport, CT",43,"Electricity in Bridgeport, CT averages 11.9¢/kWh (about $170/mo). Compare 23 Connecticut plans from 14 suppliers by ZIP code.",125,1,"Compare Electricity Rates in Bridgeport, Connecticut",11,763,true,1,0,1,Organization WebSite BreadcrumbList ImageObject FAQPage,,10,58
/electricity-rates/connecticut/danbury,city,registry:city sitemap internal-link canonical-target served-file,true,200,/electricity-rates/connecticut/danbury,200,0,true,"index, follow, max-image-preview:large, max-snippet:-1, max-video-preview:-1",https://www.electricscouts.com/electricity-rates/connecticut/danbury,true,"Compare Electricity Rates in Danbury, CT | Electric Scouts",58,"Electricity in Danbury, CT averages 13.5¢/kWh (about $195/mo). Compare 23 Connecticut plans from 14 suppliers by ZIP code.",122,1,"Compare Electricity Rates in Danbury, Connecticut",10,683,true,0,0,0,Organization WebSite BreadcrumbList FAQPage,,10,58
/electricity-rates/connecticut/hartford,city,registry:city sitemap internal-link canonical-target served-file,true,200,/electricity-rates/connecticut/hartford,200,0,true,"index, follow, max-image-preview:large, max-snippet:-1, max-video-preview:-1",https://www.electricscouts.com/electricity-rates/connecticut/hartford,true,"Compare Electricity Rates in Hartford, CT | Electric Scouts",59,"Electricity in Hartford, CT averages 11.8¢/kWh (about $169/mo). Compare 23 Connecticut plans from 14 suppliers by ZIP code. Eversource delivers the power.",154,1,"Compare Electricity Rates in Hartford, Connecticut",12,806,true,1,0,1,Organization WebSite BreadcrumbList ImageObject FAQPage,,12,58
/electricity-rates/connecticut/meriden,city,registry:city sitemap internal-link canonical-target served-file,true,200,/electricity-rates/connecticut/meriden,200,0,true,"index, follow, max-image-preview:large, max-snippet:-1, max-video-preview:-1",https://www.electricscouts.com/electricity-rates/connecticut/meriden,true,"Compare Electricity Rates in Meriden, CT | Electric Scouts",58,"Electricity in Meriden, CT averages 13.8¢/kWh (about $200/mo). Compare 23 Connecticut plans from 14 suppliers by ZIP code.",122,1,"Compare Electricity Rates in Meriden, Connecticut",10,681,true,0,0,0,Organization WebSite BreadcrumbList FAQPage,,10,57
/electricity-rates/connecticut/new-britain,city,registry:city sitemap internal-link canonical-target served-file,true,200,/electricity-rates/connecticut/new-britain,200,0,true,"index, follow, max-image-preview:large, max-snippet:-1, max-video-preview:-1",https://www.electricscouts.com/electricity-rates/connecticut/new-britain,true,"Compare Electricity Rates in New Britain, CT",44,"Electricity in New Britain, CT averages 13.6¢/kWh (about $197/mo). Compare 23 Connecticut plans from 14 suppliers by ZIP code.",126,1,"Compare Electricity Rates in New Britain, Connecticut",10,705,true,0,0,0,Organization WebSite BreadcrumbList FAQPage,,10,56
/electricity-rates/connecticut/new-haven,city,registry:city sitemap internal-link canonical-target served-file,true,200,/electricity-rates/connecticut/new-haven,200,0,true,"index, follow, max-image-preview:large, max-snippet:-1, max-video-preview:-1",https://www.electricscouts.com/electricity-rates/connecticut/new-haven,true,"Compare Electricity Rates in New Haven, CT | Electric Scouts",60,"Electricity in New Haven, CT averages 11.7¢/kWh (about $168/mo). Compare 23 Connecticut plans from 14 suppliers by ZIP code.",124,1,"Compare Electricity Rates in New Haven, Connecticut",11,803,true,1,0,1,Organization WebSite BreadcrumbList ImageObject FAQPage,,10,57
/electricity-rates/connecticut/norwalk,city,registry:city sitemap internal-link canonical-target served-file,true,200,/electricity-rates/connecticut/norwalk,200,0,true,"index, follow, max-image-preview:large, max-snippet:-1, max-video-preview:-1",https://www.electricscouts.com/electricity-rates/connecticut/norwalk,true,"Compare Electricity Rates in Norwalk, CT | Electric Scouts",58,"Electricity in Norwalk, CT averages 22.8¢/kWh (about $161/mo). Compare 23 Connecticut plans from 14 suppliers by ZIP code. Eversource delivers the power.",153,1,"Compare Electricity Rates in Norwalk, Connecticut",12,819,true,0,0,0,Organization WebSite BreadcrumbList FAQPage,,11,60
/electricity-rates/connecticut/stamford,city,registry:city sitemap internal-link canonical-target served-file,true,200,/electricity-rates/connecticut/stamford,200,0,true,"index, follow, max-image-preview:large, max-snippet:-1, max-video-preview:-1",https://www.electricscouts.com/electricity-rates/connecticut/stamford,true,"Compare Electricity Rates in Stamford, CT | Electric Scouts",59,"Electricity in Stamford, CT averages 21.5¢/kWh (about $191/mo). Compare 23 Connecticut plans from 14 suppliers by ZIP code. Eversource delivers the power.",154,1,"Compare Electricity Rates in Stamford, Connecticut",12,810,true,0,0,0,Organization WebSite BreadcrumbList FAQPage,,11,60
/electricity-rates/connecticut/waterbury,city,registry:city sitemap internal-link canonical-target served-file,true,200,/electricity-rates/connecticut/waterbury,200,0,true,"index, follow, max-image-preview:large, max-snippet:-1, max-video-preview:-1",https://www.electricscouts.com/electricity-rates/connecticut/waterbury,true,"Compare Electricity Rates in Waterbury, CT | Electric Scouts",60,"Electricity in Waterbury, CT averages 21.5¢/kWh (about $150/mo). Compare 23 Connecticut plans from 14 suppliers by ZIP code. Eversource delivers the power.",155,1,"Compare Electricity Rates in Waterbury, Connecticut",11,763,true,0,0,0,Organization WebSite BreadcrumbList FAQPage,,11,59
/electricity-rates/illinois/aurora,city,registry:city sitemap internal-link canonical-target served-file,true,200,/electricity-rates/illinois/aurora,200,0,true,"index, follow, max-image-preview:large, max-snippet:-1, max-video-preview:-1",https://www.electricscouts.com/electricity-rates/illinois/aurora,true,"Compare Electricity Rates in Aurora, IL | Electric Scouts",57,"Electricity in Aurora, IL averages 9.9¢/kWh (about $143/mo). Compare 25 Illinois plans from 15 suppliers by ZIP code. ComEd delivers the power.",143,1,"Compare Electricity Rates in Aurora, Illinois",12,827,true,0,0,0,Organization WebSite BreadcrumbList FAQPage,,14,62
/electricity-rates/illinois/bloomington,city,registry:city sitemap internal-link canonical-target served-file,true,200,/electricity-rates/illinois/bloomington,200,0,true,"index, follow, max-image-preview:large, max-snippet:-1, max-video-preview:-1",https://www.electricscouts.com/electricity-rates/illinois/bloomington,true,"Compare Electricity Rates in Bloomington, IL",44,"Electricity in Bloomington, IL averages 10.1¢/kWh (about $146/mo). Compare 25 Illinois plans from 15 suppliers by ZIP code.",123,1,"Compare Electricity Rates in Bloomington, Illinois",9,636,true,0,0,0,Organization WebSite BreadcrumbList FAQPage,,16,59
/electricity-rates/illinois/champaign,city,registry:city sitemap internal-link canonical-target served-file,true,200,/electricity-rates/illinois/champaign,200,0,true,"index, follow, max-image-preview:large, max-snippet:-1, max-video-preview:-1",https://www.electricscouts.com/electricity-rates/illinois/champaign,true,"Compare Electricity Rates in Champaign, IL | Electric Scouts",60,"Electricity in Champaign, IL averages 10.5¢/kWh (about $115/mo). Compare 25 Illinois plans from 15 suppliers by ZIP code. Ameren Illinois delivers the power.",157,1,"Compare Electricity Rates in Champaign, Illinois",11,784,true,0,0,0,Organization WebSite BreadcrumbList FAQPage,,17,61
/electricity-rates/illinois/chicago,city,registry:city sitemap internal-link canonical-target served-file,true,200,/electricity-rates/illinois/chicago,200,0,true,"index, follow, max-image-preview:large, max-snippet:-1, max-video-preview:-1",https://www.electricscouts.com/electricity-rates/illinois/chicago,true,"Compare Electricity Rates in Chicago, IL | Electric Scouts",58,"Electricity in Chicago, IL averages 9.8¢/kWh (about $142/mo). Compare 25 Illinois plans from 15 suppliers by ZIP code. ComEd delivers the power.",144,1,"Compare Electricity Rates in Chicago, Illinois",12,822,true,0,0,0,Organization WebSite BreadcrumbList FAQPage,,14,65
/electricity-rates/illinois/cicero,city,registry:city sitemap internal-link canonical-target served-file,true,200,/electricity-rates/illinois/cicero,200,0,true,"index, follow, max-image-preview:large, max-snippet:-1, max-video-preview:-1",https://www.electricscouts.com/electricity-rates/illinois/cicero,true,"Compare Electricity Rates in Cicero, IL | Electric Scouts",57,"Electricity in Cicero, IL averages 9.8¢/kWh (about $142/mo). Compare 25 Illinois plans from 15 suppliers by ZIP code.",117,1,"Compare Electricity Rates in Cicero, Illinois",10,694,true,0,0,0,Organization WebSite BreadcrumbList FAQPage,,17,63
/electricity-rates/illinois/decatur,city,registry:city sitemap internal-link canonical-target served-file,true,200,/electricity-rates/illinois/decatur,200,0,true,"index, follow, max-image-preview:large, max-snippet:-1, max-video-preview:-1",https://www.electricscouts.com/electricity-rates/illinois/decatur,true,"Compare Electricity Rates in Decatur, IL | Electric Scouts",58,"Electricity in Decatur, IL averages 10.2¢/kWh (about $148/mo). Compare 25 Illinois plans from 15 suppliers by ZIP code.",119,1,"Compare Electricity Rates in Decatur, Illinois",9,635,true,0,0,0,Organization WebSite BreadcrumbList FAQPage,,13,59
/electricity-rates/illinois/elgin,city,registry:city sitemap internal-link canonical-target served-file,true,200,/electricity-rates/illinois/elgin,200,0,true,"index, follow, max-image-preview:large, max-snippet:-1, max-video-preview:-1",https://www.electricscouts.com/electricity-rates/illinois/elgin,true,"Compare Electricity Rates in Elgin, IL | Electric Scouts",56,"Electricity in Elgin, IL averages 10.5¢/kWh (about $115/mo). Compare 25 Illinois plans from 15 suppliers by ZIP code. ComEd delivers the power.",143,1,"Compare Electricity Rates in Elgin, Illinois",12,812,true,1,0,1,Organization WebSite BreadcrumbList ImageObject FAQPage,,18,62
/electricity-rates/illinois/evanston,city,registry:city sitemap internal-link canonical-target served-file,true,200,/electricity-rates/illinois/evanston,200,0,true,"index, follow, max-image-preview:large, max-snippet:-1, max-video-preview:-1",https://www.electricscouts.com/electricity-rates/illinois/evanston,true,"Compare Electricity Rates in Evanston, IL | Electric Scouts",59,"Electricity in Evanston, IL averages 9.7¢/kWh (about $140/mo). Compare 25 Illinois plans from 15 suppliers by ZIP code.",119,1,"Compare Electricity Rates in Evanston, Illinois",10,700,true,0,0,0,Organization WebSite BreadcrumbList FAQPage,,17,63
/electricity-rates/illinois/joliet,city,registry:city sitemap internal-link canonical-target served-file,true,200,/electricity-rates/illinois/joliet,200,0,true,"index, follow, max-image-preview:large, max-snippet:-1, max-video-preview:-1",https://www.electricscouts.com/electricity-rates/illinois/joliet,true,"Compare Electricity Rates in Joliet, IL | Electric Scouts",57,"Electricity in Joliet, IL averages 9.8¢/kWh (about $141/mo). Compare 25 Illinois plans from 15 suppliers by ZIP code. ComEd delivers the power.",143,1,"Compare Electricity Rates in Joliet, Illinois",11,764,true,1,0,1,Organization WebSite BreadcrumbList ImageObject FAQPage,,15,61
/electricity-rates/illinois/naperville,city,registry:city sitemap internal-link canonical-target served-file,true,200,/electricity-rates/illinois/naperville,200,0,true,"index, follow, max-image-preview:large, max-snippet:-1, max-video-preview:-1",https://www.electricscouts.com/electricity-rates/illinois/naperville,true,Naperville Electricity Rates and Naperville Electric,52,"Electricity in Naperville, IL averages 9.7¢/kWh (about $140/mo). Supply comes from Naperville Electric Utility — there is no plan to shop here.",143,1,Naperville Electricity Rates,10,775,true,1,0,1,Organization WebSite BreadcrumbList ImageObject FAQPage,,14,57
/electricity-rates/illinois/oak-park,city,registry:city sitemap internal-link canonical-target served-file,true,200,/electricity-rates/illinois/oak-park,200,0,true,"index, follow, max-image-preview:large, max-snippet:-1, max-video-preview:-1",https://www.electricscouts.com/electricity-rates/illinois/oak-park,true,"Compare Electricity Rates in Oak Park, IL | Electric Scouts",59,"Electricity in Oak Park, IL averages 9.8¢/kWh (about $142/mo). Compare 25 Illinois plans from 15 suppliers by ZIP code.",119,1,"Compare Electricity Rates in Oak Park, Illinois",10,724,true,0,0,0,Organization WebSite BreadcrumbList FAQPage,,13,63
/electricity-rates/illinois/peoria,city,registry:city sitemap internal-link canonical-target served-file,true,200,/electricity-rates/illinois/peoria,200,0,true,"index, follow, max-image-preview:large, max-snippet:-1, max-video-preview:-1",https://www.electricscouts.com/electricity-rates/illinois/peoria,true,"Compare Electricity Rates in Peoria, IL | Electric Scouts",57,"Electricity in Peoria, IL averages 10.5¢/kWh (about $115/mo). Compare 25 Illinois plans from 15 suppliers by ZIP code. Ameren Illinois delivers the power.",154,1,"Compare Electricity Rates in Peoria, Illinois",11,784,true,0,0,0,Organization WebSite BreadcrumbList FAQPage,,18,61
/electricity-rates/illinois/rockford,city,registry:city sitemap internal-link canonical-target served-file,true,200,/electricity-rates/illinois/rockford,200,0,true,"index, follow, max-image-preview:large, max-snippet:-1, max-video-preview:-1",https://www.electricscouts.com/electricity-rates/illinois/rockford,true,"Compare Electricity Rates in Rockford, IL | Electric Scouts",59,"Electricity in Rockford, IL averages 10.5¢/kWh (about $95/mo). Compare 25 Illinois plans from 15 suppliers by ZIP code. ComEd delivers the power.",145,1,"Compare Electricity Rates in Rockford, Illinois",11,755,true,0,0,0,Organization WebSite BreadcrumbList FAQPage,,18,61
/electricity-rates/illinois/schaumburg,city,registry:city sitemap internal-link canonical-target served-file,true,200,/electricity-rates/illinois/schaumburg,200,0,true,"index, follow, max-image-preview:large, max-snippet:-1, max-video-preview:-1",https://www.electricscouts.com/electricity-rates/illinois/schaumburg,true,"Compare Electricity Rates in Schaumburg, IL",43,"Electricity in Schaumburg, IL averages 10.5¢/kWh (about $105/mo). Compare 25 Illinois plans from 15 suppliers by ZIP code. ComEd delivers the power.",148,1,"Compare Electricity Rates in Schaumburg, Illinois",12,836,true,0,0,0,Organization WebSite BreadcrumbList FAQPage,,18,65
/electricity-rates/illinois/springfield,city,registry:city sitemap internal-link canonical-target served-file,true,200,/electricity-rates/illinois/springfield,200,0,true,"index, follow, max-image-preview:large, max-snippet:-1, max-video-preview:-1",https://www.electricscouts.com/electricity-rates/illinois/springfield,true,Springfield Electricity Rates and CWLP | Electric Scouts,56,"Electricity in Springfield, IL averages 10.5¢/kWh (about $115/mo). Supply comes from City Water, Light & Power — there is no plan to shop here.",143,1,Springfield Electricity Rates,11,852,true,0,0,0,Organization WebSite BreadcrumbList FAQPage,,18,59
/electricity-rates/illinois/waukegan,city,registry:city sitemap internal-link canonical-target served-file,true,200,/electricity-rates/illinois/waukegan,200,0,true,"index, follow, max-image-preview:large, max-snippet:-1, max-video-preview:-1",https://www.electricscouts.com/electricity-rates/illinois/waukegan,true,"Compare Electricity Rates in Waukegan, IL | Electric Scouts",59,"Electricity in Waukegan, IL averages 9.9¢/kWh (about $143/mo). Compare 25 Illinois plans from 15 suppliers by ZIP code.",119,1,"Compare Electricity Rates in Waukegan, Illinois",9,635,true,0,0,0,Organization WebSite BreadcrumbList FAQPage,,17,59
/electricity-rates/maine/auburn,city,registry:city sitemap internal-link canonical-target served-file,true,200,/electricity-rates/maine/auburn,200,0,true,"index, follow, max-image-preview:large, max-snippet:-1, max-video-preview:-1",https://www.electricscouts.com/electricity-rates/maine/auburn,true,"Compare Electricity Rates in Auburn, ME | Electric Scouts",57,"Electricity in Auburn, ME averages 16.5¢/kWh (about $149/mo). Compare 20 Maine plans from 11 suppliers by ZIP code. Central Maine Power delivers the power.",155,1,"Compare Electricity Rates in Auburn, Maine",12,822,true,0,0,0,Organization WebSite BreadcrumbList FAQPage,,9,56
/electricity-rates/maine/augusta,city,registry:city sitemap internal-link canonical-target served-file,true,200,/electricity-rates/maine/augusta,200,0,true,"index, follow, max-image-preview:large, max-snippet:-1, max-video-preview:-1",https://www.electricscouts.com/electricity-rates/maine/augusta,true,"Compare Electricity Rates in Augusta, ME | Electric Scouts",58,"Electricity in Augusta, ME averages 16.5¢/kWh (about $135/mo). Compare 20 Maine plans from 11 suppliers by ZIP code. Central Maine Power delivers the power.",156,1,"Compare Electricity Rates in Augusta, Maine",11,766,true,0,0,0,Organization WebSite BreadcrumbList FAQPage,,10,55
/electricity-rates/maine/bangor,city,registry:city sitemap internal-link canonical-target served-file,true,200,/electricity-rates/maine/bangor,200,0,true,"index, follow, max-image-preview:large, max-snippet:-1, max-video-preview:-1",https://www.electricscouts.com/electricity-rates/maine/bangor,true,"Compare Electricity Rates in Bangor, ME | Electric Scouts",57,"Electricity in Bangor, ME averages 11.7¢/kWh (about $167/mo). Compare 20 Maine plans from 11 suppliers by ZIP code. Versant Power delivers the power.",149,1,"Compare Electricity Rates in Bangor, Maine",10,706,true,1,0,1,Organization WebSite BreadcrumbList ImageObject FAQPage,,8,53
/electricity-rates/maine/biddeford,city,registry:city sitemap internal-link canonical-target served-file,true,200,/electricity-rates/maine/biddeford,200,0,true,"index, follow, max-image-preview:large, max-snippet:-1, max-video-preview:-1",https://www.electricscouts.com/electricity-rates/maine/biddeford,true,"Compare Electricity Rates in Biddeford, ME | Electric Scouts",60,"Electricity in Biddeford, ME averages 12.8¢/kWh (about $185/mo). Compare 20 Maine plans from 11 suppliers by ZIP code.",118,1,"Compare Electricity Rates in Biddeford, Maine",9,620,true,0,0,0,Organization WebSite BreadcrumbList FAQPage,,8,53
/electricity-rates/maine/lewiston,city,registry:city sitemap internal-link canonical-target served-file,true,200,/electricity-rates/maine/lewiston,200,0,true,"index, follow, max-image-preview:large, max-snippet:-1, max-video-preview:-1",https://www.electricscouts.com/electricity-rates/maine/lewiston,true,"Compare Electricity Rates in Lewiston, ME | Electric Scouts",59,"Electricity in Lewiston, ME averages 11.6¢/kWh (about $166/mo). Compare 20 Maine plans from 11 suppliers by ZIP code. Central Maine Power delivers the power.",157,1,"Compare Electricity Rates in Lewiston, Maine",12,812,true,1,0,1,Organization WebSite BreadcrumbList ImageObject FAQPage,,9,56
/electricity-rates/maine/portland,city,registry:city sitemap internal-link canonical-target served-file,true,200,/electricity-rates/maine/portland,200,0,true,"index, follow, max-image-preview:large, max-snippet:-1, max-video-preview:-1",https://www.electricscouts.com/electricity-rates/maine/portland,true,"Compare Electricity Rates in Portland, ME | Electric Scouts",59,"Electricity in Portland, ME averages 11.5¢/kWh (about $165/mo). Compare 20 Maine plans from 11 suppliers by ZIP code. Central Maine Power delivers the power.",157,1,"Compare Electricity Rates in Portland, Maine",12,834,true,1,0,1,Organization WebSite BreadcrumbList ImageObject FAQPage,,10,56
/electricity-rates/maine/south-portland,city,registry:city sitemap internal-link canonical-target served-file,true,200,/electricity-rates/maine/south-portland,200,0,true,"index, follow, max-image-preview:large, max-snippet:-1, max-video-preview:-1",https://www.electricscouts.com/electricity-rates/maine/south-portland,true,"Compare Electricity Rates in South Portland, ME",47,"Electricity in South Portland, ME averages 12.5¢/kWh (about $181/mo). Compare 20 Maine plans from 11 suppliers by ZIP code.",123,1,"Compare Electricity Rates in South Portland, Maine",10,716,true,0,0,0,Organization WebSite BreadcrumbList FAQPage,,8,54
/electricity-rates/maryland/annapolis,city,registry:city sitemap internal-link canonical-target served-file,true,200,/electricity-rates/maryland/annapolis,200,0,true,"index, follow, max-image-preview:large, max-snippet:-1, max-video-preview:-1",https://www.electricscouts.com/electricity-rates/maryland/annapolis,true,"Compare Electricity Rates in Annapolis, MD | Electric Scouts",60,"Electricity in Annapolis, MD averages 12.5¢/kWh (about $135/mo). Compare 26 Maryland plans from 17 suppliers by ZIP code. BGE delivers the power.",145,1,"Compare Electricity Rates in Annapolis, Maryland",11,773,true,0,0,0,Organization WebSite BreadcrumbList FAQPage,,13,59
/electricity-rates/maryland/baltimore,city,registry:city sitemap internal-link canonical-target served-file,true,200,/electricity-rates/maryland/baltimore,200,0,true,"index, follow, max-image-preview:large, max-snippet:-1, max-video-preview:-1",https://www.electricscouts.com/electricity-rates/maryland/baltimore,true,"Compare Electricity Rates in Baltimore, MD | Electric Scouts",60,"Electricity in Baltimore, MD averages 10.4¢/kWh (about $150/mo). Compare 26 Maryland plans from 17 suppliers by ZIP code. BGE delivers the power.",145,1,"Compare Electricity Rates in Baltimore, Maryland",11,752,true,1,0,1,Organization WebSite BreadcrumbList ImageObject FAQPage,,13,59
/electricity-rates/maryland/bowie,city,registry:city sitemap internal-link canonical-target served-file,true,200,/electricity-rates/maryland/bowie,200,0,true,"index, follow, max-image-preview:large, max-snippet:-1, max-video-preview:-1",https://www.electricscouts.com/electricity-rates/maryland/bowie,true,"Compare Electricity Rates in Bowie, MD | Electric Scouts",56,"Electricity in Bowie, MD averages 10.2¢/kWh (about $148/mo). Compare 26 Maryland plans from 17 suppliers by ZIP code.",117,1,"Compare Electricity Rates in Bowie, Maryland",9,630,true,0,0,0,Organization WebSite BreadcrumbList FAQPage,,12,57
/electricity-rates/maryland/columbia,city,registry:city sitemap internal-link canonical-target served-file,true,200,/electricity-rates/maryland/columbia,200,0,true,"index, follow, max-image-preview:large, max-snippet:-1, max-video-preview:-1",https://www.electricscouts.com/electricity-rates/maryland/columbia,true,"Compare Electricity Rates in Columbia, MD | Electric Scouts",59,"Electricity in Columbia, MD averages 12.5¢/kWh (about $113/mo). Compare 26 Maryland plans from 17 suppliers by ZIP code. BGE delivers the power.",144,1,"Compare Electricity Rates in Columbia, Maryland",11,779,true,0,0,0,Organization WebSite BreadcrumbList FAQPage,,13,59
/electricity-rates/maryland/frederick,city,registry:city sitemap internal-link canonical-target served-file,true,200,/electricity-rates/maryland/frederick,200,0,true,"index, follow, max-image-preview:large, max-snippet:-1, max-video-preview:-1",https://www.electricscouts.com/electricity-rates/maryland/frederick,true,"Compare Electricity Rates in Frederick, MD | Electric Scouts",60,"Electricity in Frederick, MD averages 10.5¢/kWh (about $151/mo). Compare 26 Maryland plans from 17 suppliers by ZIP code. Potomac Edison delivers the power.",156,1,"Compare Electricity Rates in Frederick, Maryland",10,722,true,1,0,1,Organization WebSite BreadcrumbList ImageObject FAQPage,,12,57
/electricity-rates/maryland/gaithersburg,city,registry:city sitemap internal-link canonical-target served-file,true,200,/electricity-rates/maryland/gaithersburg,200,0,true,"index, follow, max-image-preview:large, max-snippet:-1, max-video-preview:-1",https://www.electricscouts.com/electricity-rates/maryland/gaithersburg,true,"Compare Electricity Rates in Gaithersburg, MD",45,"Electricity in Gaithersburg, MD averages 10.3¢/kWh (about $149/mo). Compare 26 Maryland plans from 17 suppliers by ZIP code.",124,1,"Compare Electricity Rates in Gaithersburg, Maryland",10,715,true,0,0,0,Organization WebSite BreadcrumbList FAQPage,,12,60
/electricity-rates/maryland/germantown,city,registry:city sitemap internal-link canonical-target served-file,true,200,/electricity-rates/maryland/germantown,200,0,true,"index, follow, max-image-preview:large, max-snippet:-1, max-video-preview:-1",https://www.electricscouts.com/electricity-rates/maryland/germantown,true,"Compare Electricity Rates in Germantown, MD",43,"Electricity in Germantown, MD averages 12.5¢/kWh (about $115/mo). Compare 26 Maryland plans from 17 suppliers by ZIP code. Pepco delivers the power.",148,1,"Compare Electricity Rates in Germantown, Maryland",10,752,true,0,0,0,Organization WebSite BreadcrumbList FAQPage,,12,60
/electricity-rates/maryland/hagerstown,city,registry:city sitemap internal-link canonical-target served-file,true,200,/electricity-rates/maryland/hagerstown,200,0,true,"index, follow, max-image-preview:large, max-snippet:-1, max-video-preview:-1",https://www.electricscouts.com/electricity-rates/maryland/hagerstown,true,"Compare Electricity Rates in Hagerstown, MD",43,"Electricity in Hagerstown, MD averages 10.0¢/kWh (about $145/mo). Compare 26 Maryland plans from 17 suppliers by ZIP code.",122,1,"Compare Electricity Rates in Hagerstown, Maryland",9,626,true,0,0,0,Organization WebSite BreadcrumbList FAQPage,,12,57
/electricity-rates/maryland/rockville,city,registry:city sitemap internal-link canonical-target served-file,true,200,/electricity-rates/maryland/rockville,200,0,true,"index, follow, max-image-preview:large, max-snippet:-1, max-video-preview:-1",https://www.electricscouts.com/electricity-rates/maryland/rockville,true,"Compare Electricity Rates in Rockville, MD | Electric Scouts",60,"Electricity in Rockville, MD averages 10.3¢/kWh (about $148/mo). Compare 26 Maryland plans from 17 suppliers by ZIP code.",121,1,"Compare Electricity Rates in Rockville, Maryland",10,688,true,1,0,1,Organization WebSite BreadcrumbList ImageObject FAQPage,,12,60
/electricity-rates/maryland/silver-spring,city,registry:city sitemap internal-link canonical-target served-file,true,200,/electricity-rates/maryland/silver-spring,200,0,true,"index, follow, max-image-preview:large, max-snippet:-1, max-video-preview:-1",https://www.electricscouts.com/electricity-rates/maryland/silver-spring,true,"Compare Electricity Rates in Silver Spring, MD",46,"Electricity in Silver Spring, MD averages 12.5¢/kWh (about $125/mo). Compare 26 Maryland plans from 17 suppliers by ZIP code. Pepco delivers the power.",151,1,"Compare Electricity Rates in Silver Spring, Maryland",11,801,true,0,0,0,Organization WebSite BreadcrumbList FAQPage,,12,60
/electricity-rates/maryland/waldorf,city,registry:city sitemap internal-link canonical-target served-file,true,200,/electricity-rates/maryland/waldorf,200,0,true,"index, follow, max-image-preview:large, max-snippet:-1, max-video-preview:-1",https://www.electricscouts.com/electricity-rates/maryland/waldorf,true,"Compare Electricity Rates in Waldorf, MD | Electric Scouts",58,"Electricity in Waldorf, MD averages 10.1¢/kWh (about $146/mo). Compare 26 Maryland plans from 17 suppliers by ZIP code.",119,1,"Compare Electricity Rates in Waldorf, Maryland",9,630,true,0,0,0,Organization WebSite BreadcrumbList FAQPage,,12,57
/electricity-rates/massachusetts/boston,city,registry:city sitemap internal-link canonical-target served-file,true,200,/electricity-rates/massachusetts/boston,200,0,true,"index, follow, max-image-preview:large, max-snippet:-1, max-video-preview:-1",https://www.electricscouts.com/electricity-rates/massachusetts/boston,true,"Compare Electricity Rates in Boston, MA | Electric Scouts",57,"Electricity in Boston, MA averages 11.2¢/kWh (about $161/mo). Compare 23 Massachusetts plans from 15 suppliers by ZIP code. Eversource delivers the power.",154,1,"Compare Electricity Rates in Boston, Massachusetts",11,757,true,1,0,1,Organization WebSite BreadcrumbList ImageObject FAQPage,,12,58
/electricity-rates/massachusetts/brockton,city,registry:city sitemap internal-link canonical-target served-file,true,200,/electricity-rates/massachusetts/brockton,200,0,true,"index, follow, max-image-preview:large, max-snippet:-1, max-video-preview:-1",https://www.electricscouts.com/electricity-rates/massachusetts/brockton,true,"Compare Electricity Rates in Brockton, MA | Electric Scouts",59,"Electricity in Brockton, MA averages 14.2¢/kWh (about $206/mo). Compare 23 Massachusetts plans from 15 suppliers by ZIP code.",125,1,"Compare Electricity Rates in Brockton, Massachusetts",9,627,true,0,0,0,Organization WebSite BreadcrumbList FAQPage,,11,56
/electricity-rates/massachusetts/cambridge,city,registry:city sitemap internal-link canonical-target served-file,true,200,/electricity-rates/massachusetts/cambridge,200,0,true,"index, follow, max-image-preview:large, max-snippet:-1, max-video-preview:-1",https://www.electricscouts.com/electricity-rates/massachusetts/cambridge,true,"Compare Electricity Rates in Cambridge, MA | Electric Scouts",60,"Electricity in Cambridge, MA averages 19.5¢/kWh (about $173/mo). Compare 23 Massachusetts plans from 15 suppliers by ZIP code. Eversource delivers the power.",157,1,"Compare Electricity Rates in Cambridge, Massachusetts",11,752,true,0,0,0,Organization WebSite BreadcrumbList FAQPage,,12,60
/electricity-rates/massachusetts/fall-river,city,registry:city sitemap internal-link canonical-target served-file,true,200,/electricity-rates/massachusetts/fall-river,200,0,true,"index, follow, max-image-preview:large, max-snippet:-1, max-video-preview:-1",https://www.electricscouts.com/electricity-rates/massachusetts/fall-river,true,"Compare Electricity Rates in Fall River, MA",43,"Electricity in Fall River, MA averages 14.5¢/kWh (about $210/mo). Compare 23 Massachusetts plans from 15 suppliers by ZIP code.",127,1,"Compare Electricity Rates in Fall River, Massachusetts",10,704,true,0,0,0,Organization WebSite BreadcrumbList FAQPage,,11,57
/electricity-rates/massachusetts/lowell,city,registry:city sitemap internal-link canonical-target served-file,true,200,/electricity-rates/massachusetts/lowell,200,0,true,"index, follow, max-image-preview:large, max-snippet:-1, max-video-preview:-1",https://www.electricscouts.com/electricity-rates/massachusetts/lowell,true,"Compare Electricity Rates in Lowell, MA | Electric Scouts",57,"Electricity in Lowell, MA averages 19.5¢/kWh (about $117/mo). Compare 23 Massachusetts plans from 15 suppliers by ZIP code. National Grid delivers the power.",157,1,"Compare Electricity Rates in Lowell, Massachusetts",12,816,true,0,0,0,Organization WebSite BreadcrumbList FAQPage,,12,60
/electricity-rates/massachusetts/new-bedford,city,registry:city sitemap internal-link canonical-target served-file,true,200,/electricity-rates/massachusetts/new-bedford,200,0,true,"index, follow, max-image-preview:large, max-snippet:-1, max-video-preview:-1",https://www.electricscouts.com/electricity-rates/massachusetts/new-bedford,true,"Compare Electricity Rates in New Bedford, MA",44,"Electricity in New Bedford, MA averages 20.5¢/kWh (about $185/mo). Compare 23 Massachusetts plans from 15 suppliers by ZIP code.",128,1,"Compare Electricity Rates in New Bedford, Massachusetts",12,828,true,0,0,0,Organization WebSite BreadcrumbList FAQPage,,12,59
/electricity-rates/massachusetts/quincy,city,registry:city sitemap internal-link canonical-target served-file,true,200,/electricity-rates/massachusetts/quincy,200,0,true,"index, follow, max-image-preview:large, max-snippet:-1, max-video-preview:-1",https://www.electricscouts.com/electricity-rates/massachusetts/quincy,true,"Compare Electricity Rates in Quincy, MA | Electric Scouts",57,"Electricity in Quincy, MA averages 14.0¢/kWh (about $203/mo). Compare 23 Massachusetts plans from 15 suppliers by ZIP code.",123,1,"Compare Electricity Rates in Quincy, Massachusetts",9,629,true,0,0,0,Organization WebSite BreadcrumbList FAQPage,,11,56
/electricity-rates/massachusetts/somerville,city,registry:city sitemap internal-link canonical-target served-file,true,200,/electricity-rates/massachusetts/somerville,200,0,true,"index, follow, max-image-preview:large, max-snippet:-1, max-video-preview:-1",https://www.electricscouts.com/electricity-rates/massachusetts/somerville,true,"Compare Electricity Rates in Somerville, MA",43,"Electricity in Somerville, MA averages 14.1¢/kWh (about $204/mo). Compare 23 Massachusetts plans from 15 suppliers by ZIP code.",127,1,"Compare Electricity Rates in Somerville, Massachusetts",10,677,true,0,0,0,Organization WebSite BreadcrumbList FAQPage,,11,58
/electricity-rates/massachusetts/springfield,city,registry:city sitemap internal-link canonical-target served-file,true,200,/electricity-rates/massachusetts/springfield,200,0,true,"index, follow, max-image-preview:large, max-snippet:-1, max-video-preview:-1",https://www.electricscouts.com/electricity-rates/massachusetts/springfield,true,"Compare Electricity Rates in Springfield, MA",44,"Electricity in Springfield, MA averages 11.4¢/kWh (about $163/mo). Compare 23 Massachusetts plans from 15 suppliers by ZIP code.",128,1,"Compare Electricity Rates in Springfield, Massachusetts",11,769,true,1,0,1,Organization WebSite BreadcrumbList ImageObject FAQPage,,12,58
/electricity-rates/massachusetts/worcester,city,registry:city sitemap internal-link canonical-target served-file,true,200,/electricity-rates/massachusetts/worcester,200,0,true,"index, follow, max-image-preview:large, max-snippet:-1, max-video-preview:-1",https://www.electricscouts.com/electricity-rates/massachusetts/worcester,true,"Compare Electricity Rates in Worcester, MA | Electric Scouts",60,"Electricity in Worcester, MA averages 11.3¢/kWh (about $162/mo). Compare 23 Massachusetts plans from 15 suppliers by ZIP code.",126,1,"Compare Electricity Rates in Worcester, Massachusetts",11,775,true,1,0,1,Organization WebSite BreadcrumbList ImageObject FAQPage,,12,58
/electricity-rates/new-hampshire/concord,city,registry:city sitemap internal-link canonical-target served-file,true,200,/electricity-rates/new-hampshire/concord,200,0,true,"index, follow, max-image-preview:large, max-snippet:-1, max-video-preview:-1",https://www.electricscouts.com/electricity-rates/new-hampshire/concord,true,"Compare Electricity Rates in Concord, NH | Electric Scouts",58,"Electricity in Concord, NH averages 11.8¢/kWh (about $169/mo). Compare 21 New Hampshire plans from 11 suppliers by ZIP code. Unitil delivers the power.",151,1,"Compare Electricity Rates in Concord, New Hampshire",10,715,true,1,0,1,Organization WebSite BreadcrumbList ImageObject FAQPage,,8,53
/electricity-rates/new-hampshire/dover,city,registry:city sitemap internal-link canonical-target served-file,true,200,/electricity-rates/new-hampshire/dover,200,0,true,"index, follow, max-image-preview:large, max-snippet:-1, max-video-preview:-1",https://www.electricscouts.com/electricity-rates/new-hampshire/dover,true,"Compare Electricity Rates in Dover, NH | Electric Scouts",56,"Electricity in Dover, NH averages 17.5¢/kWh (about $105/mo). Compare 21 New Hampshire plans from 11 suppliers by ZIP code. Eversource delivers the power.",153,1,"Compare Electricity Rates in Dover, New Hampshire",12,827,true,0,0,0,Organization WebSite BreadcrumbList FAQPage,,9,56
/electricity-rates/new-hampshire/keene,city,registry:city sitemap internal-link canonical-target served-file,true,200,/electricity-rates/new-hampshire/keene,200,0,true,"index, follow, max-image-preview:large, max-snippet:-1, max-video-preview:-1",https://www.electricscouts.com/electricity-rates/new-hampshire/keene,true,"Compare Electricity Rates in Keene, NH | Electric Scouts",56,"Electricity in Keene, NH averages 12.0¢/kWh (about $174/mo). Compare 21 New Hampshire plans from 11 suppliers by ZIP code.",122,1,"Compare Electricity Rates in Keene, New Hampshire",9,628,true,0,0,0,Organization WebSite BreadcrumbList FAQPage,,8,53
/electricity-rates/new-hampshire/laconia,city,registry:city sitemap internal-link canonical-target served-file,true,200,/electricity-rates/new-hampshire/laconia,200,0,true,"index, follow, max-image-preview:large, max-snippet:-1, max-video-preview:-1",https://www.electricscouts.com/electricity-rates/new-hampshire/laconia,true,"Compare Electricity Rates in Laconia, NH | Electric Scouts",58,"Electricity in Laconia, NH averages 12.2¢/kWh (about $177/mo). Compare 21 New Hampshire plans from 11 suppliers by ZIP code.",124,1,"Compare Electricity Rates in Laconia, New Hampshire",9,625,true,0,0,0,Organization WebSite BreadcrumbList FAQPage,,8,53
/electricity-rates/new-hampshire/manchester,city,registry:city sitemap internal-link canonical-target served-file,true,200,/electricity-rates/new-hampshire/manchester,200,0,true,"index, follow, max-image-preview:large, max-snippet:-1, max-video-preview:-1",https://www.electricscouts.com/electricity-rates/new-hampshire/manchester,true,"Compare Electricity Rates in Manchester, NH",43,"Electricity in Manchester, NH averages 11.6¢/kWh (about $166/mo). Compare 21 New Hampshire plans from 11 suppliers by ZIP code. Eversource delivers the power.",158,1,"Compare Electricity Rates in Manchester, New Hampshire",12,800,true,1,0,1,Organization WebSite BreadcrumbList ImageObject FAQPage,,9,56
/electricity-rates/new-hampshire/nashua,city,registry:city sitemap internal-link canonical-target served-file,true,200,/electricity-rates/new-hampshire/nashua,200,0,true,"index, follow, max-image-preview:large, max-snippet:-1, max-video-preview:-1",https://www.electricscouts.com/electricity-rates/new-hampshire/nashua,true,"Compare Electricity Rates in Nashua, NH | Electric Scouts",57,"Electricity in Nashua, NH averages 11.7¢/kWh (about $167/mo). Compare 21 New Hampshire plans from 11 suppliers by ZIP code. Eversource delivers the power.",154,1,"Compare Electricity Rates in Nashua, New Hampshire",12,823,true,1,0,1,Organization WebSite BreadcrumbList ImageObject FAQPage,,9,56
/electricity-rates/new-hampshire/rochester,city,registry:city sitemap internal-link canonical-target served-file,true,200,/electricity-rates/new-hampshire/rochester,200,0,true,"index, follow, max-image-preview:large, max-snippet:-1, max-video-preview:-1",https://www.electricscouts.com/electricity-rates/new-hampshire/rochester,true,"Compare Electricity Rates in Rochester, NH | Electric Scouts",60,"Electricity in Rochester, NH averages 17.5¢/kWh (about $155/mo). Compare 21 New Hampshire plans from 11 suppliers by ZIP code. Eversource delivers the power.",157,1,"Compare Electricity Rates in Rochester, New Hampshire",12,824,true,0,0,0,Organization WebSite BreadcrumbList FAQPage,,9,56
/electricity-rates/new-jersey/atlantic-city,city,registry:city sitemap internal-link canonical-target served-file,true,200,/electricity-rates/new-jersey/atlantic-city,200,0,true,"index, follow, max-image-preview:large, max-snippet:-1, max-video-preview:-1",https://www.electricscouts.com/electricity-rates/new-jersey/atlantic-city,true,"Compare Electricity Rates in Atlantic City, NJ",46,"Electricity in Atlantic City, NJ averages 11.5¢/kWh (about $166/mo). Compare 28 New Jersey plans from 18 suppliers by ZIP code.",127,1,"Compare Electricity Rates in Atlantic City, New Jersey",9,663,true,0,0,0,Organization WebSite BreadcrumbList FAQPage,,13,58
/electricity-rates/new-jersey/bayonne,city,registry:city sitemap internal-link canonical-target served-file,true,200,/electricity-rates/new-jersey/bayonne,200,0,true,"index, follow, max-image-preview:large, max-snippet:-1, max-video-preview:-1",https://www.electricscouts.com/electricity-rates/new-jersey/bayonne,true,"Compare Electricity Rates in Bayonne, NJ | Electric Scouts",58,"Electricity in Bayonne, NJ averages 11.8¢/kWh (about $171/mo). Compare 28 New Jersey plans from 18 suppliers by ZIP code.",121,1,"Compare Electricity Rates in Bayonne, New Jersey",10,697,true,0,0,0,Organization WebSite BreadcrumbList FAQPage,,13,60
/electricity-rates/new-jersey/camden,city,registry:city sitemap internal-link canonical-target served-file,true,200,/electricity-rates/new-jersey/camden,200,0,true,"index, follow, max-image-preview:large, max-snippet:-1, max-video-preview:-1",https://www.electricscouts.com/electricity-rates/new-jersey/camden,true,"Compare Electricity Rates in Camden, NJ | Electric Scouts",57,"Electricity in Camden, NJ averages 13.5¢/kWh (about $120/mo). Compare 28 New Jersey plans from 18 suppliers by ZIP code.",120,1,"Compare Electricity Rates in Camden, New Jersey",9,674,true,0,0,0,Organization WebSite BreadcrumbList FAQPage,,13,58
/electricity-rates/new-jersey/clifton,city,registry:city sitemap internal-link canonical-target served-file,true,200,/electricity-rates/new-jersey/clifton,200,0,true,"index, follow, max-image-preview:large, max-snippet:-1, max-video-preview:-1",https://www.electricscouts.com/electricity-rates/new-jersey/clifton,true,"Compare Electricity Rates in Clifton, NJ | Electric Scouts",58,"Electricity in Clifton, NJ averages 11.6¢/kWh (about $168/mo). Compare 28 New Jersey plans from 18 suppliers by ZIP code.",121,1,"Compare Electricity Rates in Clifton, New Jersey",10,696,true,0,0,0,Organization WebSite BreadcrumbList FAQPage,,13,59
/electricity-rates/new-jersey/edison,city,registry:city sitemap internal-link canonical-target served-file,true,200,/electricity-rates/new-jersey/edison,200,0,true,"index, follow, max-image-preview:large, max-snippet:-1, max-video-preview:-1",https://www.electricscouts.com/electricity-rates/new-jersey/edison,true,"Compare Electricity Rates in Edison, NJ | Electric Scouts",57,"Electricity in Edison, NJ averages 13.5¢/kWh (about $120/mo). Compare 28 New Jersey plans from 18 suppliers by ZIP code. JCP&L delivers the power.",146,1,"Compare Electricity Rates in Edison, New Jersey",10,739,true,0,0,0,Organization WebSite BreadcrumbList FAQPage,,13,58
/electricity-rates/new-jersey/elizabeth,city,registry:city sitemap internal-link canonical-target served-file,true,200,/electricity-rates/new-jersey/elizabeth,200,0,true,"index, follow, max-image-preview:large, max-snippet:-1, max-video-preview:-1",https://www.electricscouts.com/electricity-rates/new-jersey/elizabeth,true,"Compare Electricity Rates in Elizabeth, NJ | Electric Scouts",60,"Electricity in Elizabeth, NJ averages 11.7¢/kWh (about $169/mo). Compare 28 New Jersey plans from 18 suppliers by ZIP code.",123,1,"Compare Electricity Rates in Elizabeth, New Jersey",9,650,true,0,0,0,Organization WebSite BreadcrumbList FAQPage,,13,58
/electricity-rates/new-jersey/hoboken,city,registry:city sitemap internal-link canonical-target served-file,true,200,/electricity-rates/new-jersey/hoboken,200,0,true,"index, follow, max-image-preview:large, max-snippet:-1, max-video-preview:-1",https://www.electricscouts.com/electricity-rates/new-jersey/hoboken,true,"Compare Electricity Rates in Hoboken, NJ | Electric Scouts",58,"Electricity in Hoboken, NJ averages 13.5¢/kWh (about $120/mo). Compare 28 New Jersey plans from 18 suppliers by ZIP code. PSE&G delivers the power.",147,1,"Compare Electricity Rates in Hoboken, New Jersey",12,829,true,0,0,0,Organization WebSite BreadcrumbList FAQPage,,14,62
/electricity-rates/new-jersey/jersey-city,city,registry:city sitemap internal-link canonical-target served-file,true,200,/electricity-rates/new-jersey/jersey-city,200,0,true,"index, follow, max-image-preview:large, max-snippet:-1, max-video-preview:-1",https://www.electricscouts.com/electricity-rates/new-jersey/jersey-city,true,"Compare Electricity Rates in Jersey City, NJ",44,"Electricity in Jersey City, NJ averages 10.6¢/kWh (about $152/mo). Compare 28 New Jersey plans from 18 suppliers by ZIP code.",125,1,"Compare Electricity Rates in Jersey City, New Jersey",10,731,true,1,0,1,Organization WebSite BreadcrumbList ImageObject FAQPage,,13,60
/electricity-rates/new-jersey/newark,city,registry:city sitemap internal-link canonical-target served-file,true,200,/electricity-rates/new-jersey/newark,200,0,true,"index, follow, max-image-preview:large, max-snippet:-1, max-video-preview:-1",https://www.electricscouts.com/electricity-rates/new-jersey/newark,true,"Compare Electricity Rates in Newark, NJ | Electric Scouts",57,"Electricity in Newark, NJ averages 10.5¢/kWh (about $151/mo). Compare 28 New Jersey plans from 18 suppliers by ZIP code. PSE&G delivers the power.",146,1,"Compare Electricity Rates in Newark, New Jersey",11,777,true,1,0,1,Organization WebSite BreadcrumbList ImageObject FAQPage,,14,60
/electricity-rates/new-jersey/paterson,city,registry:city sitemap internal-link canonical-target served-file,true,200,/electricity-rates/new-jersey/paterson,200,0,true,"index, follow, max-image-preview:large, max-snippet:-1, max-video-preview:-1",https://www.electricscouts.com/electricity-rates/new-jersey/paterson,true,"Compare Electricity Rates in Paterson, NJ | Electric Scouts",59,"Electricity in Paterson, NJ averages 10.7¢/kWh (about $153/mo). Compare 28 New Jersey plans from 18 suppliers by ZIP code. PSE&G delivers the power.",148,1,"Compare Electricity Rates in Paterson, New Jersey",12,829,true,1,0,1,Organization WebSite BreadcrumbList ImageObject FAQPage,,14,61
/electricity-rates/new-jersey/toms-river,city,registry:city sitemap internal-link canonical-target served-file,true,200,/electricity-rates/new-jersey/toms-river,200,0,true,"index, follow, max-image-preview:large, max-snippet:-1, max-video-preview:-1",https://www.electricscouts.com/electricity-rates/new-jersey/toms-river,true,"Compare Electricity Rates in Toms River, NJ",43,"Electricity in Toms River, NJ averages 11.4¢/kWh (about $165/mo). Compare 28 New Jersey plans from 18 suppliers by ZIP code.",124,1,"Compare Electricity Rates in Toms River, New Jersey",9,682,true,0,0,0,Organization WebSite BreadcrumbList FAQPage,,13,58
/electricity-rates/new-jersey/trenton,city,registry:city sitemap internal-link canonical-target served-file,true,200,/electricity-rates/new-jersey/trenton,200,0,true,"index, follow, max-image-preview:large, max-snippet:-1, max-video-preview:-1",https://www.electricscouts.com/electricity-rates/new-jersey/trenton,true,"Compare Electricity Rates in Trenton, NJ | Electric Scouts",58,"Electricity in Trenton, NJ averages 13.5¢/kWh (about $119/mo). Compare 28 New Jersey plans from 18 suppliers by ZIP code. PSE&G delivers the power.",147,1,"Compare Electricity Rates in Trenton, New Jersey",11,790,true,0,0,0,Organization WebSite BreadcrumbList FAQPage,,14,60
/electricity-rates/new-york/albany,city,registry:city sitemap internal-link canonical-target served-file,true,200,/electricity-rates/new-york/albany,200,0,true,"index, follow, max-image-preview:large, max-snippet:-1, max-video-preview:-1",https://www.electricscouts.com/electricity-rates/new-york/albany,true,"Compare Electricity Rates in Albany, NY | Electric Scouts",57,"Electricity in Albany, NY averages 15.5¢/kWh (about $145/mo). Compare 27 New York plans from 17 suppliers by ZIP code. National Grid delivers the power.",152,1,"Compare Electricity Rates in Albany, New York",11,808,true,0,0,0,Organization WebSite BreadcrumbList FAQPage,,14,60
/electricity-rates/new-york/binghamton,city,registry:city sitemap internal-link canonical-target served-file,true,200,/electricity-rates/new-york/binghamton,200,0,true,"index, follow, max-image-preview:large, max-snippet:-1, max-video-preview:-1",https://www.electricscouts.com/electricity-rates/new-york/binghamton,true,"Compare Electricity Rates in Binghamton, NY",43,"Electricity in Binghamton, NY averages 11.2¢/kWh (about $162/mo). Compare 27 New York plans from 17 suppliers by ZIP code.",122,1,"Compare Electricity Rates in Binghamton, New York",9,660,true,0,0,0,Organization WebSite BreadcrumbList FAQPage,,13,58
/electricity-rates/new-york/buffalo,city,registry:city sitemap internal-link canonical-target served-file,true,200,/electricity-rates/new-york/buffalo,200,0,true,"index, follow, max-image-preview:large, max-snippet:-1, max-video-preview:-1",https://www.electricscouts.com/electricity-rates/new-york/buffalo,true,"Compare Electricity Rates in Buffalo, NY | Electric Scouts",58,"Electricity in Buffalo, NY averages 10.8¢/kWh (about $155/mo). Compare 27 New York plans from 17 suppliers by ZIP code. National Grid delivers the power.",153,1,"Compare Electricity Rates in Buffalo, New York",11,799,true,1,0,1,Organization WebSite BreadcrumbList ImageObject FAQPage,,14,60
/electricity-rates/new-york/hempstead,city,registry:city sitemap internal-link canonical-target served-file,true,200,/electricity-rates/new-york/hempstead,200,0,true,"index, follow, max-image-preview:large, max-snippet:-1, max-video-preview:-1",https://www.electricscouts.com/electricity-rates/new-york/hempstead,true,"Compare Electricity Rates in Hempstead, NY | Electric Scouts",60,"Electricity in Hempstead, NY averages 14.5¢/kWh (about $210/mo). Compare 27 New York plans from 17 suppliers by ZIP code.",121,1,"Compare Electricity Rates in Hempstead, New York",10,706,true,0,0,0,Organization WebSite BreadcrumbList FAQPage,,13,59
/electricity-rates/new-york/long-beach,city,registry:city sitemap internal-link canonical-target served-file,true,200,/electricity-rates/new-york/long-beach,200,0,true,"index, follow, max-image-preview:large, max-snippet:-1, max-video-preview:-1",https://www.electricscouts.com/electricity-rates/new-york/long-beach,true,"Compare Electricity Rates in Long Beach, NY",43,"Electricity in Long Beach, NY averages 14.8¢/kWh (about $214/mo). Compare 27 New York plans from 17 suppliers by ZIP code.",122,1,"Compare Electricity Rates in Long Beach, New York",10,727,true,0,0,0,Organization WebSite BreadcrumbList FAQPage,,13,59
/electricity-rates/new-york/new-rochelle,city,registry:city sitemap internal-link canonical-target served-file,true,200,/electricity-rates/new-york/new-rochelle,200,0,true,"index, follow, max-image-preview:large, max-snippet:-1, max-video-preview:-1",https://www.electricscouts.com/electricity-rates/new-york/new-rochelle,true,"Compare Electricity Rates in New Rochelle, NY",45,"Electricity in New Rochelle, NY averages 13.2¢/kWh (about $191/mo). Compare 27 New York plans from 17 suppliers by ZIP code.",124,1,"Compare Electricity Rates in New Rochelle, New York",10,733,true,0,0,0,Organization WebSite BreadcrumbList FAQPage,,13,60
/electricity-rates/new-york/new-york-city,city,registry:city sitemap internal-link canonical-target served-file,true,200,/electricity-rates/new-york/new-york-city,200,0,true,"index, follow, max-image-preview:large, max-snippet:-1, max-video-preview:-1",https://www.electricscouts.com/electricity-rates/new-york/new-york-city,true,"Compare Electricity Rates in New York City, NY",46,"Electricity in New York City, NY averages 11.5¢/kWh (about $165/mo). Compare 27 New York plans from 17 suppliers by ZIP code. Con Edison delivers the power.",156,1,"Compare Electricity Rates in New York City, New York",10,802,true,1,0,1,Organization WebSite BreadcrumbList ImageObject FAQPage,,15,58
/electricity-rates/new-york/rochester,city,registry:city sitemap internal-link canonical-target served-file,true,200,/electricity-rates/new-york/rochester,200,0,true,"index, follow, max-image-preview:large, max-snippet:-1, max-video-preview:-1",https://www.electricscouts.com/electricity-rates/new-york/rochester,true,"Compare Electricity Rates in Rochester, NY | Electric Scouts",60,"Electricity in Rochester, NY averages 10.9¢/kWh (about $157/mo). Compare 27 New York plans from 17 suppliers by ZIP code.",121,1,"Compare Electricity Rates in Rochester, New York",10,753,true,1,0,1,Organization WebSite BreadcrumbList ImageObject FAQPage,,13,58
/electricity-rates/new-york/schenectady,city,registry:city sitemap internal-link canonical-target served-file,true,200,/electricity-rates/new-york/schenectady,200,0,true,"index, follow, max-image-preview:large, max-snippet:-1, max-video-preview:-1",https://www.electricscouts.com/electricity-rates/new-york/schenectady,true,"Compare Electricity Rates in Schenectady, NY",44,"Electricity in Schenectady, NY averages 11.0¢/kWh (about $159/mo). Compare 27 New York plans from 17 suppliers by ZIP code.",123,1,"Compare Electricity Rates in Schenectady, New York",9,662,true,0,0,0,Organization WebSite BreadcrumbList FAQPage,,13,58
/electricity-rates/new-york/syracuse,city,registry:city sitemap internal-link canonical-target served-file,true,200,/electricity-rates/new-york/syracuse,200,0,true,"index, follow, max-image-preview:large, max-snippet:-1, max-video-preview:-1",https://www.electricscouts.com/electricity-rates/new-york/syracuse,true,"Compare Electricity Rates in Syracuse, NY | Electric Scouts",59,"Electricity in Syracuse, NY averages 11.0¢/kWh (about $158/mo). Compare 27 New York plans from 17 suppliers by ZIP code. National Grid delivers the power.",154,1,"Compare Electricity Rates in Syracuse, New York",11,790,true,1,0,1,Organization WebSite BreadcrumbList ImageObject FAQPage,,14,60
/electricity-rates/new-york/white-plains,city,registry:city sitemap internal-link canonical-target served-file,true,200,/electricity-rates/new-york/white-plains,200,0,true,"index, follow, max-image-preview:large, max-snippet:-1, max-video-preview:-1",https://www.electricscouts.com/electricity-rates/new-york/white-plains,true,"Compare Electricity Rates in White Plains, NY",45,"Electricity in White Plains, NY averages 13.5¢/kWh (about $195/mo). Compare 27 New York plans from 17 suppliers by ZIP code.",124,1,"Compare Electricity Rates in White Plains, New York",10,736,true,0,0,0,Organization WebSite BreadcrumbList FAQPage,,13,60
/electricity-rates/new-york/yonkers,city,registry:city sitemap internal-link canonical-target served-file,true,200,/electricity-rates/new-york/yonkers,200,0,true,"index, follow, max-image-preview:large, max-snippet:-1, max-video-preview:-1",https://www.electricscouts.com/electricity-rates/new-york/yonkers,true,"Compare Electricity Rates in Yonkers, NY | Electric Scouts",58,"Electricity in Yonkers, NY averages 16.5¢/kWh (about $149/mo). Compare 27 New York plans from 17 suppliers by ZIP code. Con Edison delivers the power.",150,1,"Compare Electricity Rates in Yonkers, New York",11,798,true,0,0,0,Organization WebSite BreadcrumbList FAQPage,,13,60
/electricity-rates/ohio/akron,city,registry:city sitemap internal-link canonical-target served-file,true,200,/electricity-rates/ohio/akron,200,0,true,"index, follow, max-image-preview:large, max-snippet:-1, max-video-preview:-1",https://www.electricscouts.com/electricity-rates/ohio/akron,true,"Compare Electricity Rates in Akron, OH | Electric Scouts",56,"Electricity in Akron, OH averages 9.5¢/kWh (about $110/mo). Compare 27 Ohio plans from 13 suppliers by ZIP code. Ohio Edison delivers the power.",144,1,"Compare Electricity Rates in Akron, Ohio",11,774,true,0,0,0,Organization WebSite BreadcrumbList FAQPage,,16,61
/electricity-rates/ohio/canton,city,registry:city sitemap internal-link canonical-target served-file,true,200,/electricity-rates/ohio/canton,200,0,true,"index, follow, max-image-preview:large, max-snippet:-1, max-video-preview:-1",https://www.electricscouts.com/electricity-rates/ohio/canton,true,"Compare Electricity Rates in Canton, OH | Electric Scouts",57,"Electricity in Canton, OH averages 9.5¢/kWh (about $85/mo). Compare 27 Ohio plans from 13 suppliers by ZIP code. Ohio Edison delivers the power.",144,1,"Compare Electricity Rates in Canton, Ohio",11,775,true,0,0,0,Organization WebSite BreadcrumbList FAQPage,,16,61
/electricity-rates/ohio/cincinnati,city,registry:city sitemap internal-link canonical-target served-file,true,200,/electricity-rates/ohio/cincinnati,200,0,true,"index, follow, max-image-preview:large, max-snippet:-1, max-video-preview:-1",https://www.electricscouts.com/electricity-rates/ohio/cincinnati,true,"Compare Electricity Rates in Cincinnati, OH",43,"Electricity in Cincinnati, OH averages 9.7¢/kWh (about $140/mo). Compare 27 Ohio plans from 13 suppliers by ZIP code. Duke Energy Ohio delivers the power.",154,1,"Compare Electricity Rates in Cincinnati, Ohio",10,727,true,1,0,1,Organization WebSite BreadcrumbList ImageObject FAQPage,,16,59
/electricity-rates/ohio/cleveland,city,registry:city sitemap internal-link canonical-target served-file,true,200,/electricity-rates/ohio/cleveland,200,0,true,"index, follow, max-image-preview:large, max-snippet:-1, max-video-preview:-1",https://www.electricscouts.com/electricity-rates/ohio/cleveland,true,"Compare Electricity Rates in Cleveland, OH | Electric Scouts",60,"Electricity in Cleveland, OH averages 9.6¢/kWh (about $139/mo). Compare 27 Ohio plans from 13 suppliers by ZIP code.",116,1,"Compare Electricity Rates in Cleveland, Ohio",11,804,true,1,0,1,Organization WebSite BreadcrumbList ImageObject FAQPage,,15,61
/electricity-rates/ohio/columbus,city,registry:city sitemap internal-link canonical-target served-file,true,200,/electricity-rates/ohio/columbus,200,0,true,"index, follow, max-image-preview:large, max-snippet:-1, max-video-preview:-1",https://www.electricscouts.com/electricity-rates/ohio/columbus,true,"Compare Electricity Rates in Columbus, OH | Electric Scouts",59,"Electricity in Columbus, OH averages 9.5¢/kWh (about $138/mo). Compare 27 Ohio plans from 13 suppliers by ZIP code. AEP Ohio delivers the power.",144,1,"Compare Electricity Rates in Columbus, Ohio",11,762,true,1,0,1,Organization WebSite BreadcrumbList ImageObject FAQPage,,12,60
/electricity-rates/ohio/dayton,city,registry:city sitemap internal-link canonical-target served-file,true,200,/electricity-rates/ohio/dayton,200,0,true,"index, follow, max-image-preview:large, max-snippet:-1, max-video-preview:-1",https://www.electricscouts.com/electricity-rates/ohio/dayton,true,"Compare Electricity Rates in Dayton, OH | Electric Scouts",57,"Electricity in Dayton, OH averages 9.2¢/kWh (about $83/mo). Compare 27 Ohio plans from 13 suppliers by ZIP code. Dayton Power & Light delivers the power.",153,1,"Compare Electricity Rates in Dayton, Ohio",10,726,true,0,0,0,Organization WebSite BreadcrumbList FAQPage,,15,59
/electricity-rates/ohio/dublin,city,registry:city sitemap internal-link canonical-target served-file,true,200,/electricity-rates/ohio/dublin,200,0,true,"index, follow, max-image-preview:large, max-snippet:-1, max-video-preview:-1",https://www.electricscouts.com/electricity-rates/ohio/dublin,true,"Compare Electricity Rates in Dublin, OH | Electric Scouts",57,"Electricity in Dublin, OH averages 9.4¢/kWh (about $136/mo). Compare 27 Ohio plans from 13 suppliers by ZIP code.",113,1,"Compare Electricity Rates in Dublin, Ohio",10,682,true,0,0,0,Organization WebSite BreadcrumbList FAQPage,,15,60
/electricity-rates/ohio/elyria,city,registry:city sitemap internal-link canonical-target served-file,true,200,/electricity-rates/ohio/elyria,200,0,true,"index, follow, max-image-preview:large, max-snippet:-1, max-video-preview:-1",https://www.electricscouts.com/electricity-rates/ohio/elyria,true,"Compare Electricity Rates in Elyria, OH | Electric Scouts",57,"Electricity in Elyria, OH averages 9.6¢/kWh (about $139/mo). Compare 27 Ohio plans from 13 suppliers by ZIP code.",113,1,"Compare Electricity Rates in Elyria, Ohio",10,686,true,0,0,0,Organization WebSite BreadcrumbList FAQPage,,15,60
/electricity-rates/ohio/hamilton,city,registry:city sitemap internal-link canonical-target served-file,true,200,/electricity-rates/ohio/hamilton,200,0,true,"index, follow, max-image-preview:large, max-snippet:-1, max-video-preview:-1",https://www.electricscouts.com/electricity-rates/ohio/hamilton,true,Hamilton Electricity Rates and Hamilton Electric,48,"Electricity in Hamilton, OH averages 9.5¢/kWh (about $137/mo). Supply comes from City of Hamilton Electric — there is no plan to shop here.",139,1,Hamilton Electricity Rates,9,708,true,0,0,0,Organization WebSite BreadcrumbList FAQPage,,15,57
/electricity-rates/ohio/lakewood,city,registry:city sitemap internal-link canonical-target served-file,true,200,/electricity-rates/ohio/lakewood,200,0,true,"index, follow, max-image-preview:large, max-snippet:-1, max-video-preview:-1",https://www.electricscouts.com/electricity-rates/ohio/lakewood,true,"Compare Electricity Rates in Lakewood, OH | Electric Scouts",59,"Electricity in Lakewood, OH averages 9.5¢/kWh (about $137/mo). Compare 27 Ohio plans from 13 suppliers by ZIP code.",115,1,"Compare Electricity Rates in Lakewood, Ohio",10,713,true,0,0,0,Organization WebSite BreadcrumbList FAQPage,,15,61
/electricity-rates/ohio/lorain,city,registry:city sitemap internal-link canonical-target served-file,true,200,/electricity-rates/ohio/lorain,200,0,true,"index, follow, max-image-preview:large, max-snippet:-1, max-video-preview:-1",https://www.electricscouts.com/electricity-rates/ohio/lorain,true,"Compare Electricity Rates in Lorain, OH | Electric Scouts",57,"Electricity in Lorain, OH averages 9.6¢/kWh (about $139/mo). Compare 27 Ohio plans from 13 suppliers by ZIP code.",113,1,"Compare Electricity Rates in Lorain, Ohio",10,684,true,0,0,0,Organization WebSite BreadcrumbList FAQPage,,15,60
/electricity-rates/ohio/parma,city,registry:city sitemap internal-link canonical-target served-file,true,200,/electricity-rates/ohio/parma,200,0,true,"index, follow, max-image-preview:large, max-snippet:-1, max-video-preview:-1",https://www.electricscouts.com/electricity-rates/ohio/parma,true,"Compare Electricity Rates in Parma, OH | Electric Scouts",56,"Electricity in Parma, OH averages 9.5¢/kWh (about $137/mo). Compare 27 Ohio plans from 13 suppliers by ZIP code.",112,1,"Compare Electricity Rates in Parma, Ohio",10,687,true,0,0,0,Organization WebSite BreadcrumbList FAQPage,,15,61
/electricity-rates/ohio/toledo,city,registry:city sitemap internal-link canonical-target served-file,true,200,/electricity-rates/ohio/toledo,200,0,true,"index, follow, max-image-preview:large, max-snippet:-1, max-video-preview:-1",https://www.electricscouts.com/electricity-rates/ohio/toledo,true,"Compare Electricity Rates in Toledo, OH | Electric Scouts",57,"Electricity in Toledo, OH averages 9.6¢/kWh (about $139/mo). Compare 27 Ohio plans from 13 suppliers by ZIP code. Toledo Edison delivers the power.",147,1,"Compare Electricity Rates in Toledo, Ohio",10,724,true,1,0,1,Organization WebSite BreadcrumbList ImageObject FAQPage,,15,59
/electricity-rates/ohio/youngstown,city,registry:city sitemap internal-link canonical-target served-file,true,200,/electricity-rates/ohio/youngstown,200,0,true,"index, follow, max-image-preview:large, max-snippet:-1, max-video-preview:-1",https://www.electricscouts.com/electricity-rates/ohio/youngstown,true,"Compare Electricity Rates in Youngstown, OH",43,"Electricity in Youngstown, OH averages 9.5¢/kWh (about $105/mo). Compare 27 Ohio plans from 13 suppliers by ZIP code. Ohio Edison delivers the power.",149,1,"Compare Electricity Rates in Youngstown, Ohio",11,764,true,0,0,0,Organization WebSite BreadcrumbList FAQPage,,16,61
/electricity-rates/pennsylvania/allentown,city,registry:city sitemap internal-link canonical-target served-file,true,200,/electricity-rates/pennsylvania/allentown,200,0,true,"index, follow, max-image-preview:large, max-snippet:-1, max-video-preview:-1",https://www.electricscouts.com/electricity-rates/pennsylvania/allentown,true,"Compare Electricity Rates in Allentown, PA | Electric Scouts",60,"Electricity in Allentown, PA averages 10.3¢/kWh (about $148/mo). Compare 28 Pennsylvania plans from 15 suppliers by ZIP code. PPL Electric delivers the power.",158,1,"Compare Electricity Rates in Allentown, Pennsylvania",11,782,true,1,0,1,Organization WebSite BreadcrumbList ImageObject FAQPage,,16,61
/electricity-rates/pennsylvania/bethlehem,city,registry:city sitemap internal-link canonical-target served-file,true,200,/electricity-rates/pennsylvania/bethlehem,200,0,true,"index, follow, max-image-preview:large, max-snippet:-1, max-video-preview:-1",https://www.electricscouts.com/electricity-rates/pennsylvania/bethlehem,true,"Compare Electricity Rates in Bethlehem, PA | Electric Scouts",60,"Electricity in Bethlehem, PA averages 10.5¢/kWh (about $95/mo). Compare 28 Pennsylvania plans from 15 suppliers by ZIP code. PPL Electric delivers the power.",157,1,"Compare Electricity Rates in Bethlehem, Pennsylvania",11,788,true,0,0,0,Organization WebSite BreadcrumbList FAQPage,,16,61
/electricity-rates/pennsylvania/chester,city,registry:city sitemap internal-link canonical-target served-file,true,200,/electricity-rates/pennsylvania/chester,200,0,true,"index, follow, max-image-preview:large, max-snippet:-1, max-video-preview:-1",https://www.electricscouts.com/electricity-rates/pennsylvania/chester,true,"Compare Electricity Rates in Chester, PA | Electric Scouts",58,"Electricity in Chester, PA averages 10.8¢/kWh (about $156/mo). Compare 28 Pennsylvania plans from 15 suppliers by ZIP code.",123,1,"Compare Electricity Rates in Chester, Pennsylvania",9,631,true,0,0,0,Organization WebSite BreadcrumbList FAQPage,,14,59
/electricity-rates/pennsylvania/erie,city,registry:city sitemap internal-link canonical-target served-file,true,200,/electricity-rates/pennsylvania/erie,200,0,true,"index, follow, max-image-preview:large, max-snippet:-1, max-video-preview:-1",https://www.electricscouts.com/electricity-rates/pennsylvania/erie,true,"Compare Electricity Rates in Erie, PA | Electric Scouts",55,"Electricity in Erie, PA averages 10.5¢/kWh (about $95/mo). Compare 28 Pennsylvania plans from 15 suppliers by ZIP code. Penelec delivers the power.",147,1,"Compare Electricity Rates in Erie, Pennsylvania",10,725,true,0,0,0,Organization WebSite BreadcrumbList FAQPage,,15,59
/electricity-rates/pennsylvania/harrisburg,city,registry:city sitemap internal-link canonical-target served-file,true,200,/electricity-rates/pennsylvania/harrisburg,200,0,true,"index, follow, max-image-preview:large, max-snippet:-1, max-video-preview:-1",https://www.electricscouts.com/electricity-rates/pennsylvania/harrisburg,true,"Compare Electricity Rates in Harrisburg, PA",43,"Electricity in Harrisburg, PA averages 10.5¢/kWh (about $152/mo). Compare 28 Pennsylvania plans from 15 suppliers by ZIP code.",126,1,"Compare Electricity Rates in Harrisburg, Pennsylvania",9,637,true,0,0,0,Organization WebSite BreadcrumbList FAQPage,,15,59
/electricity-rates/pennsylvania/lancaster,city,registry:city sitemap internal-link canonical-target served-file,true,200,/electricity-rates/pennsylvania/lancaster,200,0,true,"index, follow, max-image-preview:large, max-snippet:-1, max-video-preview:-1",https://www.electricscouts.com/electricity-rates/pennsylvania/lancaster,true,"Compare Electricity Rates in Lancaster, PA | Electric Scouts",60,"Electricity in Lancaster, PA averages 10.5¢/kWh (about $125/mo). Compare 28 Pennsylvania plans from 15 suppliers by ZIP code. PPL Electric delivers the power.",158,1,"Compare Electricity Rates in Lancaster, Pennsylvania",11,790,true,0,0,0,Organization WebSite BreadcrumbList FAQPage,,16,61
/electricity-rates/pennsylvania/norristown,city,registry:city sitemap internal-link canonical-target served-file,true,200,/electricity-rates/pennsylvania/norristown,200,0,true,"index, follow, max-image-preview:large, max-snippet:-1, max-video-preview:-1",https://www.electricscouts.com/electricity-rates/pennsylvania/norristown,true,"Compare Electricity Rates in Norristown, PA",43,"Electricity in Norristown, PA averages 10.6¢/kWh (about $153/mo). Compare 28 Pennsylvania plans from 15 suppliers by ZIP code.",126,1,"Compare Electricity Rates in Norristown, Pennsylvania",9,635,true,0,0,0,Organization WebSite BreadcrumbList FAQPage,,15,59
/electricity-rates/pennsylvania/philadelphia,city,registry:city sitemap internal-link canonical-target served-file,true,200,/electricity-rates/pennsylvania/philadelphia,200,0,true,"index, follow, max-image-preview:large, max-snippet:-1, max-video-preview:-1",https://www.electricscouts.com/electricity-rates/pennsylvania/philadelphia,true,"Compare Electricity Rates in Philadelphia, PA",45,"Electricity in Philadelphia, PA averages 10.2¢/kWh (about $147/mo). Compare 28 Pennsylvania plans from 15 suppliers by ZIP code.",128,1,"Compare Electricity Rates in Philadelphia, Pennsylvania",10,715,true,1,0,1,Organization WebSite BreadcrumbList ImageObject FAQPage,,6,59
/electricity-rates/pennsylvania/pittsburgh,city,registry:city sitemap internal-link canonical-target served-file,true,200,/electricity-rates/pennsylvania/pittsburgh,200,0,true,"index, follow, max-image-preview:large, max-snippet:-1, max-video-preview:-1",https://www.electricscouts.com/electricity-rates/pennsylvania/pittsburgh,true,"Compare Electricity Rates in Pittsburgh, PA",43,"Electricity in Pittsburgh, PA averages 10.1¢/kWh (about $146/mo). Compare 28 Pennsylvania plans from 15 suppliers by ZIP code.",126,1,"Compare Electricity Rates in Pittsburgh, Pennsylvania",10,722,true,1,0,1,Organization WebSite BreadcrumbList ImageObject FAQPage,,15,59
/electricity-rates/pennsylvania/reading,city,registry:city sitemap internal-link canonical-target served-file,true,200,/electricity-rates/pennsylvania/reading,200,0,true,"index, follow, max-image-preview:large, max-snippet:-1, max-video-preview:-1",https://www.electricscouts.com/electricity-rates/pennsylvania/reading,true,"Compare Electricity Rates in Reading, PA | Electric Scouts",58,"Electricity in Reading, PA averages 10.5¢/kWh (about $95/mo). Compare 28 Pennsylvania plans from 15 suppliers by ZIP code. Met-Ed delivers the power.",149,1,"Compare Electricity Rates in Reading, Pennsylvania",10,720,true,0,0,0,Organization WebSite BreadcrumbList FAQPage,,15,59
/electricity-rates/pennsylvania/scranton,city,registry:city sitemap internal-link canonical-target served-file,true,200,/electricity-rates/pennsylvania/scranton,200,0,true,"index, follow, max-image-preview:large, max-snippet:-1, max-video-preview:-1",https://www.electricscouts.com/electricity-rates/pennsylvania/scranton,true,"Compare Electricity Rates in Scranton, PA | Electric Scouts",59,"Electricity in Scranton, PA averages 10.5¢/kWh (about $125/mo). Compare 28 Pennsylvania plans from 15 suppliers by ZIP code. PPL Electric delivers the power.",157,1,"Compare Electricity Rates in Scranton, Pennsylvania",11,771,true,0,0,0,Organization WebSite BreadcrumbList FAQPage,,16,61
/electricity-rates/pennsylvania/state-college,city,registry:city sitemap internal-link canonical-target served-file,true,200,/electricity-rates/pennsylvania/state-college,200,0,true,"index, follow, max-image-preview:large, max-snippet:-1, max-video-preview:-1",https://www.electricscouts.com/electricity-rates/pennsylvania/state-college,true,"Compare Electricity Rates in State College, PA",46,"Electricity in State College, PA averages 10.3¢/kWh (about $149/mo). Compare 28 Pennsylvania plans from 15 suppliers by ZIP code.",129,1,"Compare Electricity Rates in State College, Pennsylvania",9,662,true,0,0,0,Organization WebSite BreadcrumbList FAQPage,,15,59
/electricity-rates/pennsylvania/wilkes-barre,city,registry:city sitemap internal-link canonical-target served-file,true,200,/electricity-rates/pennsylvania/wilkes-barre,200,0,true,"index, follow, max-image-preview:large, max-snippet:-1, max-video-preview:-1",https://www.electricscouts.com/electricity-rates/pennsylvania/wilkes-barre,true,"Compare Electricity Rates in Wilkes-Barre, PA",45,"Electricity in Wilkes-Barre, PA averages 10.4¢/kWh (about $150/mo). Compare 28 Pennsylvania plans from 15 suppliers by ZIP code.",128,1,"Compare Electricity Rates in Wilkes-Barre, Pennsylvania",9,631,true,0,0,0,Organization WebSite BreadcrumbList FAQPage,,15,59
/electricity-rates/pennsylvania/york,city,registry:city sitemap internal-link canonical-target served-file,true,200,/electricity-rates/pennsylvania/york,200,0,true,"index, follow, max-image-preview:large, max-snippet:-1, max-video-preview:-1",https://www.electricscouts.com/electricity-rates/pennsylvania/york,true,"Compare Electricity Rates in York, PA | Electric Scouts",55,"Electricity in York, PA averages 10.5¢/kWh (about $152/mo). Compare 28 Pennsylvania plans from 15 suppliers by ZIP code.",120,1,"Compare Electricity Rates in York, Pennsylvania",9,635,true,0,0,0,Organization WebSite BreadcrumbList FAQPage,,15,59
/electricity-rates/rhode-island/cranston,city,registry:city sitemap internal-link canonical-target served-file,true,200,/electricity-rates/rhode-island/cranston,200,0,true,"index, follow, max-image-preview:large, max-snippet:-1, max-video-preview:-1",https://www.electricscouts.com/electricity-rates/rhode-island/cranston,true,"Compare Electricity Rates in Cranston, RI | Electric Scouts",59,"Electricity in Cranston, RI averages 12.0¢/kWh (about $171/mo). Compare 16 Rhode Island plans from 8 suppliers by ZIP code.",123,1,"Compare Electricity Rates in Cranston, Rhode Island",11,801,true,1,0,1,Organization WebSite BreadcrumbList ImageObject FAQPage,,9,59
/electricity-rates/rhode-island/east-providence,city,registry:city sitemap internal-link canonical-target served-file,true,200,/electricity-rates/rhode-island/east-providence,200,0,true,"index, follow, max-image-preview:large, max-snippet:-1, max-video-preview:-1",https://www.electricscouts.com/electricity-rates/rhode-island/east-providence,true,"Compare Electricity Rates in East Providence, RI",48,"Electricity in East Providence, RI averages 19.5¢/kWh (about $175/mo). Compare 16 Rhode Island plans from 8 suppliers by ZIP code.",130,1,"Compare Electricity Rates in East Providence, Rhode Island",12,850,true,0,0,0,Organization WebSite BreadcrumbList FAQPage,,9,59
/electricity-rates/rhode-island/newport,city,registry:city sitemap internal-link canonical-target served-file,true,200,/electricity-rates/rhode-island/newport,200,0,true,"index, follow, max-image-preview:large, max-snippet:-1, max-video-preview:-1",https://www.electricscouts.com/electricity-rates/rhode-island/newport,true,"Compare Electricity Rates in Newport, RI | Electric Scouts",58,"Electricity in Newport, RI averages 13.8¢/kWh (about $200/mo). Compare 16 Rhode Island plans from 8 suppliers by ZIP code.",122,1,"Compare Electricity Rates in Newport, Rhode Island",9,625,true,0,0,0,Organization WebSite BreadcrumbList FAQPage,,8,53
/electricity-rates/rhode-island/pawtucket,city,registry:city sitemap internal-link canonical-target served-file,true,200,/electricity-rates/rhode-island/pawtucket,200,0,true,"index, follow, max-image-preview:large, max-snippet:-1, max-video-preview:-1",https://www.electricscouts.com/electricity-rates/rhode-island/pawtucket,true,"Compare Electricity Rates in Pawtucket, RI | Electric Scouts",60,"Electricity in Pawtucket, RI averages 19.5¢/kWh (about $135/mo). Compare 16 Rhode Island plans from 8 suppliers by ZIP code.",124,1,"Compare Electricity Rates in Pawtucket, Rhode Island",12,847,true,0,0,0,Organization WebSite BreadcrumbList FAQPage,,9,59
/electricity-rates/rhode-island/providence,city,registry:city sitemap internal-link canonical-target served-file,true,200,/electricity-rates/rhode-island/providence,200,0,true,"index, follow, max-image-preview:large, max-snippet:-1, max-video-preview:-1",https://www.electricscouts.com/electricity-rates/rhode-island/providence,true,"Compare Electricity Rates in Providence, RI",43,"Electricity in Providence, RI averages 11.9¢/kWh (about $170/mo). Compare 16 Rhode Island plans from 8 suppliers by ZIP code.",125,1,"Compare Electricity Rates in Providence, Rhode Island",12,857,true,1,0,1,Organization WebSite BreadcrumbList ImageObject FAQPage,,9,59
/electricity-rates/rhode-island/warwick,city,registry:city sitemap internal-link canonical-target served-file,true,200,/electricity-rates/rhode-island/warwick,200,0,true,"index, follow, max-image-preview:large, max-snippet:-1, max-video-preview:-1",https://www.electricscouts.com/electricity-rates/rhode-island/warwick,true,"Compare Electricity Rates in Warwick, RI | Electric Scouts",58,"Electricity in Warwick, RI averages 12.0¢/kWh (about $171/mo). Compare 16 Rhode Island plans from 8 suppliers by ZIP code.",122,1,"Compare Electricity Rates in Warwick, Rhode Island",11,771,true,1,0,1,Organization WebSite BreadcrumbList ImageObject FAQPage,,9,55
/electricity-rates/rhode-island/woonsocket,city,registry:city sitemap internal-link canonical-target served-file,true,200,/electricity-rates/rhode-island/woonsocket,200,0,true,"index, follow, max-image-preview:large, max-snippet:-1, max-video-preview:-1",https://www.electricscouts.com/electricity-rates/rhode-island/woonsocket,true,"Compare Electricity Rates in Woonsocket, RI",43,"Electricity in Woonsocket, RI averages 13.5¢/kWh (about $195/mo). Compare 16 Rhode Island plans from 8 suppliers by ZIP code.",125,1,"Compare Electricity Rates in Woonsocket, Rhode Island",10,691,true,0,0,0,Organization WebSite BreadcrumbList FAQPage,,8,57
/electricity-rates/texas/amarillo,city,registry:city sitemap internal-link canonical-target served-file,true,200,/electricity-rates/texas/amarillo,200,0,true,"index, follow, max-image-preview:large, max-snippet:-1, max-video-preview:-1",https://www.electricscouts.com/electricity-rates/texas/amarillo,true,Amarillo Electricity Rates and Xcel Energy | Electric Scouts,60,"Electricity in Amarillo, TX averages 9.2¢/kWh (about $133/mo). Supply comes from Xcel Energy (Southwestern Public Service) — there is no plan to shop here.",155,1,Amarillo Electricity Rates,9,722,true,0,0,0,Organization WebSite BreadcrumbList FAQPage,,23,57
/electricity-rates/texas/arlington,city,registry:city sitemap internal-link canonical-target served-file,true,200,/electricity-rates/texas/arlington,200,0,true,"index, follow, max-image-preview:large, max-snippet:-1, max-video-preview:-1",https://www.electricscouts.com/electricity-rates/texas/arlington,true,"Compare Electricity Rates in Arlington, TX | Electric Scouts",60,"Electricity in Arlington, TX averages 9.2¢/kWh (about $110/mo). Compare 108 Texas plans from 22 suppliers by ZIP code.",118,1,"Compare Electricity Rates in Arlington, Texas",12,852,true,0,0,0,Organization WebSite BreadcrumbList FAQPage,,19,62
/electricity-rates/texas/austin,city,registry:city sitemap internal-link canonical-target served-file,true,200,/electricity-rates/texas/austin,200,0,true,"index, follow, max-image-preview:large, max-snippet:-1, max-video-preview:-1",https://www.electricscouts.com/electricity-rates/texas/austin,true,Austin Electricity Rates and Austin Energy | Electric Scouts,60,"Electricity in Austin, TX averages 9.3¢/kWh (about $135/mo). Supply comes from Austin Energy, not a competing retailer, so there is no plan to shop here.",153,1,Austin Electricity Rates,10,809,true,1,0,1,Organization WebSite BreadcrumbList ImageObject FAQPage,,15,57
/electricity-rates/texas/beaumont,city,registry:city sitemap internal-link canonical-target served-file,true,200,/electricity-rates/texas/beaumont,200,0,true,"index, follow, max-image-preview:large, max-snippet:-1, max-video-preview:-1",https://www.electricscouts.com/electricity-rates/texas/beaumont,true,Beaumont Electricity Rates and Entergy Texas,44,"Electricity in Beaumont, TX averages 9.0¢/kWh (about $130/mo). Supply comes from Entergy Texas, not a competing retailer, so there is no plan to shop here.",155,1,Beaumont Electricity Rates,9,699,true,0,0,0,Organization WebSite BreadcrumbList FAQPage,,15,57
/electricity-rates/texas/brownsville,city,registry:city sitemap internal-link canonical-target served-file,true,200,/electricity-rates/texas/brownsville,200,0,true,"index, follow, max-image-preview:large, max-snippet:-1, max-video-preview:-1",https://www.electricscouts.com/electricity-rates/texas/brownsville,true,Brownsville Electricity Rates and Brownsville PUB,49,"Electricity in Brownsville, TX averages 9.4¢/kWh (about $136/mo). Supply comes from Brownsville Public Utilities Board — there is no plan to shop here.",151,1,Brownsville Electricity Rates,9,702,true,0,0,0,Organization WebSite BreadcrumbList FAQPage,,21,57
/electricity-rates/texas/corpus-christi,city,registry:city sitemap internal-link canonical-target served-file,true,200,/electricity-rates/texas/corpus-christi,200,0,true,"index, follow, max-image-preview:large, max-snippet:-1, max-video-preview:-1",https://www.electricscouts.com/electricity-rates/texas/corpus-christi,true,"Compare Electricity Rates in Corpus Christi, TX",47,"Electricity in Corpus Christi, TX averages 9.5¢/kWh (about $98/mo). Compare 108 Texas plans from 22 suppliers by ZIP code. AEP Texas delivers the power.",152,1,"Compare Electricity Rates in Corpus Christi, Texas",10,766,true,0,0,0,Organization WebSite BreadcrumbList FAQPage,,16,59
/electricity-rates/texas/dallas,city,registry:city sitemap internal-link canonical-target served-file,true,200,/electricity-rates/texas/dallas,200,0,true,"index, follow, max-image-preview:large, max-snippet:-1, max-video-preview:-1",https://www.electricscouts.com/electricity-rates/texas/dallas,true,"Compare Electricity Rates in Dallas, TX | Electric Scouts",57,"Electricity in Dallas, TX averages 9.1¢/kWh (about $132/mo). Compare 108 Texas plans from 22 suppliers by ZIP code.",115,1,"Compare Electricity Rates in Dallas, Texas",12,857,true,1,0,1,Organization WebSite BreadcrumbList ImageObject FAQPage,,41,64
/electricity-rates/texas/denton,city,registry:city sitemap internal-link canonical-target served-file,true,200,/electricity-rates/texas/denton,200,0,true,"index, follow, max-image-preview:large, max-snippet:-1, max-video-preview:-1",https://www.electricscouts.com/electricity-rates/texas/denton,true,Denton Electricity Rates and Denton Municipal Electric,54,"Electricity in Denton, TX averages 9.1¢/kWh (about $131/mo). Supply comes from Denton Municipal Electric — there is no plan to shop here.",137,1,Denton Electricity Rates,9,717,true,0,0,0,Organization WebSite BreadcrumbList FAQPage,,16,57
/electricity-rates/texas/el-paso,city,registry:city sitemap internal-link canonical-target served-file,true,200,/electricity-rates/texas/el-paso,200,0,true,"index, follow, max-image-preview:large, max-snippet:-1, max-video-preview:-1",https://www.electricscouts.com/electricity-rates/texas/el-paso,true,El Paso Electricity Rates and El Paso Electric,46,"Electricity in El Paso, TX averages 9.2¢/kWh (about $110/mo). Supply comes from El Paso Electric, not a competing retailer, so there is no plan to shop here.",157,1,El Paso Electricity Rates,10,812,true,0,0,0,Organization WebSite BreadcrumbList FAQPage,,17,57
/electricity-rates/texas/fort-worth,city,registry:city sitemap internal-link canonical-target served-file,true,200,/electricity-rates/texas/fort-worth,200,0,true,"index, follow, max-image-preview:large, max-snippet:-1, max-video-preview:-1",https://www.electricscouts.com/electricity-rates/texas/fort-worth,true,"Compare Electricity Rates in Fort Worth, TX",43,"Electricity in Fort Worth, TX averages 9.0¢/kWh (about $130/mo). Compare 108 Texas plans from 22 suppliers by ZIP code.",119,1,"Compare Electricity Rates in Fort Worth, Texas",12,870,true,1,0,1,Organization WebSite BreadcrumbList ImageObject FAQPage,,14,62
/electricity-rates/texas/frisco,city,registry:city sitemap internal-link canonical-target served-file,true,200,/electricity-rates/texas/frisco,200,0,true,"index, follow, max-image-preview:large, max-snippet:-1, max-video-preview:-1",https://www.electricscouts.com/electricity-rates/texas/frisco,true,"Compare Electricity Rates in Frisco, TX | Electric Scouts",57,"Electricity in Frisco, TX averages 9.2¢/kWh (about $110/mo). Compare 108 Texas plans from 22 suppliers by ZIP code.",115,1,"Compare Electricity Rates in Frisco, Texas",11,825,true,0,0,0,Organization WebSite BreadcrumbList FAQPage,,23,61
/electricity-rates/texas/garland,city,registry:city sitemap internal-link canonical-target served-file,true,200,/electricity-rates/texas/garland,200,0,true,"index, follow, max-image-preview:large, max-snippet:-1, max-video-preview:-1",https://www.electricscouts.com/electricity-rates/texas/garland,true,"Compare Electricity Rates in Garland, TX | Electric Scouts",58,"Electricity in Garland, TX averages 9.0¢/kWh (about $130/mo). Compare 108 Texas plans from 22 suppliers by ZIP code.",116,1,"Compare Electricity Rates in Garland, Texas",10,710,true,0,0,0,Organization WebSite BreadcrumbList FAQPage,,24,62
/electricity-rates/texas/grand-prairie,city,registry:city sitemap internal-link canonical-target served-file,true,200,/electricity-rates/texas/grand-prairie,200,0,true,"index, follow, max-image-preview:large, max-snippet:-1, max-video-preview:-1",https://www.electricscouts.com/electricity-rates/texas/grand-prairie,true,"Compare Electricity Rates in Grand Prairie, TX",46,"Electricity in Grand Prairie, TX averages 9.0¢/kWh (about $130/mo). Compare 108 Texas plans from 22 suppliers by ZIP code.",122,1,"Compare Electricity Rates in Grand Prairie, Texas",10,740,true,0,0,0,Organization WebSite BreadcrumbList FAQPage,,24,62
/electricity-rates/texas/houston,city,registry:city sitemap internal-link canonical-target served-file,true,200,/electricity-rates/texas/houston,200,0,true,"index, follow, max-image-preview:large, max-snippet:-1, max-video-preview:-1",https://www.electricscouts.com/electricity-rates/texas/houston,true,"Compare Electricity Rates in Houston, TX | Electric Scouts",58,"Electricity in Houston, TX averages 8.9¢/kWh (about $128/mo). Compare 108 Texas plans from 22 suppliers by ZIP code. CenterPoint Energy delivers the power.",155,1,"Compare Electricity Rates in Houston, Texas",10,751,true,1,0,1,Organization WebSite BreadcrumbList ImageObject FAQPage,,51,59
/electricity-rates/texas/irving,city,registry:city sitemap internal-link canonical-target served-file,true,200,/electricity-rates/texas/irving,200,0,true,"index, follow, max-image-preview:large, max-snippet:-1, max-video-preview:-1",https://www.electricscouts.com/electricity-rates/texas/irving,true,"Compare Electricity Rates in Irving, TX | Electric Scouts",57,"Electricity in Irving, TX averages 9.5¢/kWh (about $95/mo). Compare 108 Texas plans from 22 suppliers by ZIP code. Oncor Electric Delivery delivers the power.",158,1,"Compare Electricity Rates in Irving, Texas",11,788,true,0,0,0,Organization WebSite BreadcrumbList FAQPage,,21,64
/electricity-rates/texas/killeen,city,registry:city sitemap internal-link canonical-target served-file,true,200,/electricity-rates/texas/killeen,200,0,true,"index, follow, max-image-preview:large, max-snippet:-1, max-video-preview:-1",https://www.electricscouts.com/electricity-rates/texas/killeen,true,"Compare Electricity Rates in Killeen, TX | Electric Scouts",58,"Electricity in Killeen, TX averages 9.5¢/kWh (about $112/mo). Compare 108 Texas plans from 22 suppliers by ZIP code.",116,1,"Compare Electricity Rates in Killeen, Texas",11,796,true,0,0,0,Organization WebSite BreadcrumbList FAQPage,,18,61
/electricity-rates/texas/laredo,city,registry:city sitemap internal-link canonical-target served-file,true,200,/electricity-rates/texas/laredo,200,0,true,"index, follow, max-image-preview:large, max-snippet:-1, max-video-preview:-1",https://www.electricscouts.com/electricity-rates/texas/laredo,true,"Compare Electricity Rates in Laredo, TX | Electric Scouts",57,"Electricity in Laredo, TX averages 9.5¢/kWh (about $137/mo). Compare 108 Texas plans from 22 suppliers by ZIP code.",115,1,"Compare Electricity Rates in Laredo, Texas",9,645,true,0,0,0,Organization WebSite BreadcrumbList FAQPage,,18,59
/electricity-rates/texas/lubbock,city,registry:city sitemap internal-link canonical-target served-file,true,200,/electricity-rates/texas/lubbock,200,0,true,"index, follow, max-image-preview:large, max-snippet:-1, max-video-preview:-1",https://www.electricscouts.com/electricity-rates/texas/lubbock,true,"Compare Electricity Rates in Lubbock, TX | Electric Scouts",58,"Electricity in Lubbock, TX averages 9.2¢/kWh (about $110/mo). Compare 108 Texas plans from 22 suppliers by ZIP code.",116,1,"Compare Electricity Rates in Lubbock, Texas",10,748,true,0,0,0,Organization WebSite BreadcrumbList FAQPage,,19,59
/electricity-rates/texas/mcallen,city,registry:city sitemap internal-link canonical-target served-file,true,200,/electricity-rates/texas/mcallen,200,0,true,"index, follow, max-image-preview:large, max-snippet:-1, max-video-preview:-1",https://www.electricscouts.com/electricity-rates/texas/mcallen,true,"Compare Electricity Rates in McAllen, TX | Electric Scouts",58,"Electricity in McAllen, TX averages 9.3¢/kWh (about $135/mo). Compare 108 Texas plans from 22 suppliers by ZIP code.",116,1,"Compare Electricity Rates in McAllen, Texas",9,650,true,0,0,0,Organization WebSite BreadcrumbList FAQPage,,16,59
/electricity-rates/texas/mckinney,city,registry:city sitemap internal-link canonical-target served-file,true,200,/electricity-rates/texas/mckinney,200,0,true,"index, follow, max-image-preview:large, max-snippet:-1, max-video-preview:-1",https://www.electricscouts.com/electricity-rates/texas/mckinney,true,"Compare Electricity Rates in McKinney, TX | Electric Scouts",59,"Electricity in McKinney, TX averages 9.2¢/kWh (about $110/mo). Compare 108 Texas plans from 22 suppliers by ZIP code.",117,1,"Compare Electricity Rates in McKinney, Texas",12,872,true,0,0,0,Organization WebSite BreadcrumbList FAQPage,,22,62
/electricity-rates/texas/midland,city,registry:city sitemap internal-link canonical-target served-file,true,200,/electricity-rates/texas/midland,200,0,true,"index, follow, max-image-preview:large, max-snippet:-1, max-video-preview:-1",https://www.electricscouts.com/electricity-rates/texas/midland,true,"Compare Electricity Rates in Midland, TX | Electric Scouts",58,"Electricity in Midland, TX averages 9.2¢/kWh (about $110/mo). Compare 108 Texas plans from 22 suppliers by ZIP code.",116,1,"Compare Electricity Rates in Midland, Texas",11,782,true,0,0,0,Organization WebSite BreadcrumbList FAQPage,,22,61
/electricity-rates/texas/plano,city,registry:city sitemap internal-link canonical-target served-file,true,200,/electricity-rates/texas/plano,200,0,true,"index, follow, max-image-preview:large, max-snippet:-1, max-video-preview:-1",https://www.electricscouts.com/electricity-rates/texas/plano,true,"Compare Electricity Rates in Plano, TX | Electric Scouts",56,"Electricity in Plano, TX averages 9.2¢/kWh (about $110/mo). Compare 108 Texas plans from 22 suppliers by ZIP code. Oncor Electric Delivery delivers the power.",158,1,"Compare Electricity Rates in Plano, Texas",12,829,true,0,0,0,Organization WebSite BreadcrumbList FAQPage,,18,62
/electricity-rates/texas/round-rock,city,registry:city sitemap internal-link canonical-target served-file,true,200,/electricity-rates/texas/round-rock,200,0,true,"index, follow, max-image-preview:large, max-snippet:-1, max-video-preview:-1",https://www.electricscouts.com/electricity-rates/texas/round-rock,true,"Compare Electricity Rates in Round Rock, TX",43,"Electricity in Round Rock, TX averages 9.2¢/kWh (about $133/mo). Compare 108 Texas plans from 22 suppliers by ZIP code.",119,1,"Compare Electricity Rates in Round Rock, Texas",9,678,true,0,0,0,Organization WebSite BreadcrumbList FAQPage,,11,59
/electricity-rates/texas/san-antonio,city,registry:city sitemap internal-link canonical-target served-file,true,200,/electricity-rates/texas/san-antonio,200,0,true,"index, follow, max-image-preview:large, max-snippet:-1, max-video-preview:-1",https://www.electricscouts.com/electricity-rates/texas/san-antonio,true,San Antonio Electricity Rates and CPS Energy,44,"Electricity in San Antonio, TX averages 8.8¢/kWh (about $127/mo). Supply comes from CPS Energy, not a competing retailer, so there is no plan to shop here.",155,1,San Antonio Electricity Rates,9,755,true,1,0,1,Organization WebSite BreadcrumbList ImageObject FAQPage,,8,57
/electricity-rates/texas/sugar-land,city,registry:city sitemap internal-link canonical-target served-file,true,200,/electricity-rates/texas/sugar-land,200,0,true,"index, follow, max-image-preview:large, max-snippet:-1, max-video-preview:-1",https://www.electricscouts.com/electricity-rates/texas/sugar-land,true,"Compare Electricity Rates in Sugar Land, TX",43,"Electricity in Sugar Land, TX averages 8.9¢/kWh (about $128/mo). Compare 108 Texas plans from 22 suppliers by ZIP code.",119,1,"Compare Electricity Rates in Sugar Land, Texas",9,673,true,0,0,0,Organization WebSite BreadcrumbList FAQPage,,10,59
/faq,static,registry:static sitemap redirect-target internal-link canonical-target served-file,true,200,/faq,200,0,true,"index, follow, max-image-preview:large, max-snippet:-1, max-video-preview:-1",https://www.electricscouts.com/faq,true,Electricity FAQ | Honest Answers from Electric Scouts,53,"Straight answers on switching electricity supplier: how long it takes, what happens to your service, and why the advertised rate is not what you end up paying.",159,1,"Electricity Questions, Answered",8,1346,true,0,0,0,Organization WebSite BreadcrumbList FAQPage,,345,35
/FAQ,redirect,redirect-source,false,301,/faq,200,1,false,"index, follow, max-image-preview:large, max-snippet:-1, max-video-preview:-1",https://www.electricscouts.com/faq,true,Electricity FAQ | Honest Answers from Electric Scouts,53,"Straight answers on switching electricity supplier: how long it takes, what happens to your service, and why the advertised rate is not what you end up paying.",159,1,"Electricity Questions, Answered",8,1346,true,0,0,0,Organization WebSite BreadcrumbList FAQPage,,0,0
/home,redirect,redirect-source,false,301,/,200,1,false,"index, follow, max-image-preview:large, max-snippet:-1, max-video-preview:-1",https://www.electricscouts.com/,false,Compare Electricity Rates in 12 States | Electric Scouts,56,Compare electricity plans across the 12 US states where you choose your supplier. Enter a ZIP code or upload a bill to see what you pay and what is available.,158,1,Compare Electricity Rates Across 12 Deregulated States,8,1143,true,0,0,0,Organization WebSite,,0,0
/Home,redirect,redirect-source,false,301,/,200,1,false,"index, follow, max-image-preview:large, max-snippet:-1, max-video-preview:-1",https://www.electricscouts.com/,false,Compare Electricity Rates in 12 States | Electric Scouts,56,Compare electricity plans across the 12 US states where you choose your supplier. Enter a ZIP code or upload a bill to see what you pay and what is available.,158,1,Compare Electricity Rates Across 12 Deregulated States,8,1143,true,0,0,0,Organization WebSite,,0,0
/home-concierge,static,registry:static sitemap redirect-target internal-link canonical-target served-file,true,200,/home-concierge,200,0,true,"index, follow, max-image-preview:large, max-snippet:-1, max-video-preview:-1",https://www.electricscouts.com/home-concierge,true,Home Concierge | Set Up Utilities When You Move,47,"Moving means setting up electricity before you arrive. We handle the electricity setup and coordinate internet, water and phone so nothing starts late.",151,1,Home Concierge: Set Up Every Utility in One Place,10,1551,true,0,0,0,Organization WebSite BreadcrumbList FAQPage,,345,48
/homeconcierge,redirect,redirect-source,false,301,/home-concierge,200,1,false,"index, follow, max-image-preview:large, max-snippet:-1, max-video-preview:-1",https://www.electricscouts.com/home-concierge,false,Home Concierge | Set Up Utilities When You Move,47,"Moving means setting up electricity before you arrive. We handle the electricity setup and coordinate internet, water and phone so nothing starts late.",151,1,Home Concierge: Set Up Every Utility in One Place,10,1551,true,0,0,0,Organization WebSite BreadcrumbList FAQPage,,0,0
/HomeConcierge,redirect,redirect-source,false,301,/home-concierge,200,1,false,"index, follow, max-image-preview:large, max-snippet:-1, max-video-preview:-1",https://www.electricscouts.com/home-concierge,false,Home Concierge | Set Up Utilities When You Move,47,"Moving means setting up electricity before you arrive. We handle the electricity setup and coordinate internet, water and phone so nothing starts late.",151,1,Home Concierge: Set Up Every Utility in One Place,10,1551,true,0,0,0,Organization WebSite BreadcrumbList FAQPage,,0,0
/illinois-electricity,state,registry:state sitemap redirect-target internal-link canonical-target served-file,true,200,/illinois-electricity,200,0,true,"index, follow, max-image-preview:large, max-snippet:-1, max-video-preview:-1",https://www.electricscouts.com/illinois-electricity,true,Illinois Electricity Rates & Providers | Electric Scouts,56,"Compare 25 Illinois electricity plans from 15 suppliers, 7.5¢/kWh–11.49¢/kWh. Rates by city, renewable options and how switching works.",135,1,Illinois Electricity Rates and Providers,10,732,true,0,0,0,Organization WebSite BreadcrumbList FAQPage,,345,88
/illinoiselectricity,redirect,redirect-source,false,301,/illinois-electricity,200,1,false,"index, follow, max-image-preview:large, max-snippet:-1, max-video-preview:-1",https://www.electricscouts.com/illinois-electricity,false,Illinois Electricity Rates & Providers | Electric Scouts,56,"Compare 25 Illinois electricity plans from 15 suppliers, 7.5¢/kWh–11.49¢/kWh. Rates by city, renewable options and how switching works.",135,1,Illinois Electricity Rates and Providers,10,732,true,0,0,0,Organization WebSite BreadcrumbList FAQPage,,0,0
/IllinoisElectricity,redirect,redirect-source,false,301,/illinois-electricity,200,1,false,"index, follow, max-image-preview:large, max-snippet:-1, max-video-preview:-1",https://www.electricscouts.com/illinois-electricity,false,Illinois Electricity Rates & Providers | Electric Scouts,56,"Compare 25 Illinois electricity plans from 15 suppliers, 7.5¢/kWh–11.49¢/kWh. Rates by city, renewable options and how switching works.",135,1,Illinois Electricity Rates and Providers,10,732,true,0,0,0,Organization WebSite BreadcrumbList FAQPage,,0,0
/landing,alias,registry:alias redirect-target served-file,false,200,/landing,200,0,false,"index, follow, max-image-preview:large, max-snippet:-1, max-video-preview:-1",https://www.electricscouts.com/,false,Compare Electricity Rates in 12 States | Electric Scouts,56,Compare electricity plans across the 12 US states where you choose your supplier. Enter a ZIP code or upload a bill to see what you pay and what is available.,158,1,Stop Overpaying for Electricity,0,34,true,0,0,0,Organization WebSite BreadcrumbList,,0,32
/Landing,redirect,redirect-source,false,301,/landing,200,1,false,"index, follow, max-image-preview:large, max-snippet:-1, max-video-preview:-1",https://www.electricscouts.com/,false,Compare Electricity Rates in 12 States | Electric Scouts,56,Compare electricity plans across the 12 US states where you choose your supplier. Enter a ZIP code or upload a bill to see what you pay and what is available.,158,1,Stop Overpaying for Electricity,0,34,true,0,0,0,Organization WebSite BreadcrumbList,,0,0
/learn/1,redirect,redirect-source,false,301,/learn/deregulated-electricity-markets,200,1,false,"index, follow, max-image-preview:large, max-snippet:-1, max-video-preview:-1",https://www.electricscouts.com/learn/deregulated-electricity-markets,false,What Is Electricity Deregulation? | Electric Scouts,51,"How electricity deregulation works, which states let you choose a supplier, and what actually changes on your bill when you switch.",131,1,Understanding Deregulated Electricity Markets: Your Complete Guide,16,2198,true,0,0,0,Organization WebSite BreadcrumbList Article,,0,0
/learn/10,redirect,redirect-source,false,301,/learn/how-to-read-your-electricity-bill,200,1,false,"index, follow, max-image-preview:large, max-snippet:-1, max-video-preview:-1",https://www.electricscouts.com/learn/how-to-read-your-electricity-bill,false,How to Read Your Electricity Bill | Electric Scouts,51,"How to read your electricity bill: what each charge is, where the fees hide, and how to work out the rate you are actually paying.",130,1,How to Read Your Electricity Bill: Find Hidden Charges and Save Money,8,1143,true,0,0,0,Organization WebSite BreadcrumbList Article,,0,0
/learn/106,redirect,redirect-source,false,301,/learn/nashua-nh-electricity-rates,200,1,false,"index, follow, max-image-preview:large, max-snippet:-1, max-video-preview:-1",https://www.electricscouts.com/learn/nashua-nh-electricity-rates,false,Nashua NH: Electricity Suppliers vs Eversource,46,"Compare Nashua electricity suppliers against Eversource default service, with local context for Hillsborough County households.",127,1,Nashua NH Electricity Rates: Complete Shopping Guide,12,1233,true,0,0,0,Organization WebSite BreadcrumbList Article,,0,0
/learn/107,redirect,redirect-source,false,301,/learn/concord-nh-electricity-rates,200,1,false,"index, follow, max-image-preview:large, max-snippet:-1, max-video-preview:-1",https://www.electricscouts.com/learn/concord-nh-electricity-rates,false,Concord NH: Electricity Suppliers vs Eversource,47,"Compare Concord electricity suppliers against Eversource default service, with local context for Merrimack County households.",125,1,Concord NH Electricity Rates: Capital City Guide,13,1467,true,0,0,0,Organization WebSite BreadcrumbList Article,,0,0
/learn/108,redirect,redirect-source,false,301,/learn/warwick-ri-electricity-rates,200,1,false,"index, follow, max-image-preview:large, max-snippet:-1, max-video-preview:-1",https://www.electricscouts.com/learn/warwick-ri-electricity-rates,false,Warwick RI: Suppliers vs Rhode Island Energy,44,"Compare Warwick electricity suppliers against Rhode Island Energy last resort service, with local context for Kent County.",122,1,Warwick RI Electricity Rates: Kent County Guide,13,1784,true,0,0,0,Organization WebSite BreadcrumbList Article,,0,0
/learn/109,redirect,redirect-source,false,301,/learn/texas-tdu-delivery-charges,200,1,false,"index, follow, max-image-preview:large, max-snippet:-1, max-video-preview:-1",https://www.electricscouts.com/learn/texas-tdu-delivery-charges,false,Texas TDU Delivery Charges Explained | Electric Scouts,54,"Oncor, CenterPoint, AEP Texas and TNMP each charge to deliver your power. Why one Texas plan bills differently by city, and what no retailer can change.",152,1,Texas TDU Delivery Charges: Why the Same Plan Bills Differently by City,10,1705,true,0,0,0,Organization WebSite BreadcrumbList Article,,0,0
/learn/11,redirect,redirect-source,false,301,/learn/best-electricity-plans-for-apartments,200,1,false,"index, follow, max-image-preview:large, max-snippet:-1, max-video-preview:-1",https://www.electricscouts.com/learn/best-electricity-plans-for-apartments,false,Best Electricity Plans for Apartments 2026 | Electric Scouts,60,"Finding the best electricity for apartments is easy with our 2026 guide. We cover renter-friendly options, including no-deposit plans and short-term contracts.",159,1,Best Electricity Plans for Apartments 2026: Renter-Friendly Options,10,945,true,0,0,0,Organization WebSite BreadcrumbList Article,,0,0
/learn/110,redirect,redirect-source,false,301,/learn/texas-electricity-facts-label,200,1,false,"index, follow, max-image-preview:large, max-snippet:-1, max-video-preview:-1",https://www.electricscouts.com/learn/texas-electricity-facts-label,false,Texas Electricity Facts Label (EFL) Guide | Electric Scouts,59,"Texas retailers must publish an Electricity Facts Label for every plan. How to read the three usage prices, the fees behind them, and the contract term.",152,1,How to Read a Texas Electricity Facts Label (EFL),11,1741,true,0,0,0,Organization WebSite BreadcrumbList Article,,0,0
/learn/111,redirect,redirect-source,false,301,/learn/power-to-choose-texas,200,1,false,"index, follow, max-image-preview:large, max-snippet:-1, max-video-preview:-1",https://www.electricscouts.com/learn/power-to-choose-texas,false,Power to Choose Texas: How It Works | Electric Scouts,53,"Power to Choose is the state-run Texas plan list. How it ranks offers, why the cheapest row is often not the cheapest plan, and what it does not show.",150,1,Power to Choose Texas: How the State's Site Works and What It Leaves Out,10,1714,true,0,0,0,Organization WebSite BreadcrumbList Article,,0,0
/learn/112,redirect,redirect-source,false,301,/learn/texas-bill-credit-electricity-plans,200,1,false,"index, follow, max-image-preview:large, max-snippet:-1, max-video-preview:-1",https://www.electricscouts.com/learn/texas-bill-credit-electricity-plans,false,Texas Bill Credit Electricity Plans | Electric Scouts,53,Bill credit plans hand back a fixed sum if you cross a usage threshold. Why they look cheap on paper and what happens in the months you fall short.,147,1,Texas Bill Credit Electricity Plans: How Usage Thresholds Work,10,1739,true,0,0,0,Organization WebSite BreadcrumbList Article,,0,0
/learn/113,redirect,redirect-source,false,301,/learn/texas-low-usage-electricity-plans,200,1,false,"index, follow, max-image-preview:large, max-snippet:-1, max-video-preview:-1",https://www.electricscouts.com/learn/texas-low-usage-electricity-plans,false,Low-Usage Electricity Plans in Texas | Electric Scouts,54,"Texas plans are advertised at 1,000 kWh. Use less and that rate is not your rate. How base charges, bill credits and the 500 kWh EFL row decide your bill.",154,1,Texas Electricity Plans for Low-Usage Homes: Read the 500 kWh Row,10,1755,true,0,0,0,Organization WebSite BreadcrumbList Article,,0,0
/learn/114,redirect,redirect-source,false,301,/learn/why-texas-electric-bill-so-high,200,1,false,"index, follow, max-image-preview:large, max-snippet:-1, max-video-preview:-1",https://www.electricscouts.com/learn/why-texas-electric-bill-so-high,false,Why Is My Texas Electric Bill So High? | Electric Scouts,56,"Your Texas electric bill jumped. Work through it in order: usage, an expired contract, variable pricing, bill credit thresholds and delivery charges.",149,1,Why Is My Texas Electric Bill So High? Diagnose It in Order,11,1705,true,0,0,0,Organization WebSite BreadcrumbList Article,,0,0
/learn/115,redirect,redirect-source,false,301,/learn/texas-electricity-early-termination-fee,200,1,false,"index, follow, max-image-preview:large, max-snippet:-1, max-video-preview:-1",https://www.electricscouts.com/learn/texas-electricity-early-termination-fee,false,Texas Electricity Early Termination Fees | Electric Scouts,58,"What an early termination fee is on a Texas plan, the moving exemption, the end-of-contract switching window, and how to leave without paying one.",146,1,Texas Electricity Early Termination Fees: When You Pay and When You Do Not,11,1705,true,0,0,0,Organization WebSite BreadcrumbList Article,,0,0
/learn/116,redirect,redirect-source,false,301,/learn/texas-cities-without-electricity-choice,200,1,false,"index, follow, max-image-preview:large, max-snippet:-1, max-video-preview:-1",https://www.electricscouts.com/learn/texas-cities-without-electricity-choice,false,Texas Cities Without Electricity Choice | Electric Scouts,57,"Austin, San Antonio, El Paso and much of rural Texas sit outside retail choice. Which parts of the state cannot switch electricity providers, and why.",150,1,Texas Cities Where You Cannot Choose Your Electricity Provider,10,1743,true,0,0,0,Organization WebSite BreadcrumbList Article,,0,0
/learn/117,redirect,redirect-source,false,301,/learn/el-paso-electricity-no-retail-choice,200,1,false,"index, follow, max-image-preview:large, max-snippet:-1, max-video-preview:-1",https://www.electricscouts.com/learn/el-paso-electricity-no-retail-choice,false,El Paso Electricity: No Retail Choice | Electric Scouts,55,"El Paso sits outside ERCOT and outside the Texas competitive market. Why you cannot switch supplier there, who sets the rate, and how to cut the bill.",150,1,"El Paso Electricity: Why There Is No Retail Choice, and What You Can Do",10,1723,true,0,0,0,Organization WebSite BreadcrumbList Article,,0,0
/learn/118,redirect,redirect-source,false,301,/learn/texas-renewable-electricity-plans,200,1,false,"index, follow, max-image-preview:large, max-snippet:-1, max-video-preview:-1",https://www.electricscouts.com/learn/texas-renewable-electricity-plans,false,100% Renewable Electricity Plans in Texas | Electric Scouts,59,"What a 100% renewable Texas electricity plan actually buys, how RECs are retired and certified, and why green plans are not automatically priced higher.",152,1,100% Renewable Electricity Plans in Texas: What a Green Plan Actually Buys,11,1711,true,0,0,0,Organization WebSite BreadcrumbList Article,,0,0
/learn/119,redirect,redirect-source,false,301,/learn/texas-commercial-electricity-rates,200,1,false,"index, follow, max-image-preview:large, max-snippet:-1, max-video-preview:-1",https://www.electricscouts.com/learn/texas-commercial-electricity-rates,false,Texas Commercial Electricity Rates & 4CP | Electric Scouts,58,"How Texas business electricity is priced: demand charges, load factor, 4CP transmission cost allocation, and why a commercial rate is quoted not listed.",152,1,"Texas Commercial Electricity Rates: Contracts, Demand Charges and 4CP",10,1744,true,0,0,0,Organization WebSite BreadcrumbList Article,,0,0
/learn/12,redirect,redirect-source,false,301,/learn/solar-vs-traditional-electricity-cost,200,1,false,"index, follow, max-image-preview:large, max-snippet:-1, max-video-preview:-1",https://www.electricscouts.com/learn/solar-vs-traditional-electricity-cost,false,Solar vs Electricity Cost: 2026 Comparison | Electric Scouts,60,"Is solar energy cheaper than traditional electricity? Our 2026 cost comparison breaks down solar panel savings, long-term value, and helps you decide.",150,1,Solar Energy vs Traditional Electricity: Complete Cost Comparison 2026,9,722,true,0,0,0,Organization WebSite BreadcrumbList Article,,0,0
/learn/120,redirect,redirect-source,false,301,/learn/moving-within-texas-electricity,200,1,false,"index, follow, max-image-preview:large, max-snippet:-1, max-video-preview:-1",https://www.electricscouts.com/learn/moving-within-texas-electricity,false,Moving Within Texas: Electricity Transfer | Electric Scouts,59,"Moving house inside Texas: when you can take your plan with you, when moving voids the termination fee, and the timing that stops the lights being off.",151,1,Moving Within Texas: Transfer Your Electricity Plan or Switch Providers?,10,1743,true,0,0,0,Organization WebSite BreadcrumbList Article,,0,0
/learn/13,redirect,redirect-source,false,301,/learn/electricity-rates-forecast,200,1,false,"index, follow, max-image-preview:large, max-snippet:-1, max-video-preview:-1",https://www.electricscouts.com/learn/electricity-rates-forecast,false,Electricity Rates Forecast 2026-2027 | Electric Scouts,54,Stay ahead of rising electricity prices with our 2026-2027 electricity rates forecast. Learn what to expect and how to save on your energy bills.,145,1,Electricity Rates Forecast 2026-2027: What Consumers Should Expect,10,1171,true,0,0,0,Organization WebSite BreadcrumbList Article,,0,0
/learn/14,redirect,redirect-source,false,301,/learn/how-to-lower-your-electric-bill,200,1,false,"index, follow, max-image-preview:large, max-snippet:-1, max-video-preview:-1",https://www.electricscouts.com/learn/how-to-lower-your-electric-bill,false,How to Lower Your Electric Bill: 25 Tips | Electric Scouts,58,"Twenty-five practical ways to cut household electricity use, from thermostat habits to appliance changes, with the effort each one takes.",137,1,How to Lower Your Electric Bill: 25 Proven Tips,28,2186,true,0,0,0,Organization WebSite BreadcrumbList Article,,0,0
/learn/15,redirect,redirect-source,false,301,/learn/electricity-deregulation-explained,200,1,false,"index, follow, max-image-preview:large, max-snippet:-1, max-video-preview:-1",https://www.electricscouts.com/learn/electricity-deregulation-explained,false,Electricity Deregulation Explained | Electric Scouts,52,Learn about electricity deregulation and which states let you choose your energy provider. Compare rates and save on your electricity bill with Electric Scouts.,160,1,Electricity Deregulation Explained: Which States Let You Choose Your Provider?,8,1463,true,0,0,0,Organization WebSite BreadcrumbList Article,,0,0
/learn/16,redirect,redirect-source,false,301,/learn/texas-electricity-rates-guide,200,1,false,"index, follow, max-image-preview:large, max-snippet:-1, max-video-preview:-1",https://www.electricscouts.com/learn/texas-electricity-rates-guide,false,Texas Electricity Rates Guide | Electric Scouts,47,"How the Texas retail electricity market works, how to read an EFL, and how to compare Texas plans without getting caught by teaser rates.",137,1,Texas Electricity Rates Guide 2026: Everything You Need to Know,14,1384,true,0,0,0,Organization WebSite BreadcrumbList Article,,0,0
/learn/17,redirect,redirect-source,false,301,/learn/illinois-electricity-rates-guide,200,1,false,"index, follow, max-image-preview:large, max-snippet:-1, max-video-preview:-1",https://www.electricscouts.com/learn/illinois-electricity-rates-guide,false,Illinois Electricity Rates & ComEd Alternatives,47,"Compare Illinois electricity suppliers against the ComEd default rate, and see what a supplier switch does and does not change.",127,1,Illinois Electricity Rates Guide 2026: Compare Providers and Save,10,1462,true,0,0,0,Organization WebSite BreadcrumbList Article,,0,0
/learn/18,redirect,redirect-source,false,301,/learn/ohio-electricity-rates-guide,200,1,false,"index, follow, max-image-preview:large, max-snippet:-1, max-video-preview:-1",https://www.electricscouts.com/learn/ohio-electricity-rates-guide,false,Ohio Electricity Rates & Supplier Guide | Electric Scouts,57,"How Ohio's Energy Choice program works, how to read your utility's Price to Compare, and what to check before signing with a supplier.",134,1,Ohio Electricity Rates Guide 2026: Your Complete Shopping Guide,13,1344,true,0,0,0,Organization WebSite BreadcrumbList Article,,0,0
/learn/19,redirect,redirect-source,false,301,/learn/pennsylvania-electricity-rates-guide,200,1,false,"index, follow, max-image-preview:large, max-snippet:-1, max-video-preview:-1",https://www.electricscouts.com/learn/pennsylvania-electricity-rates-guide,false,Pennsylvania Electricity Rates & PA Suppliers,45,"How Pennsylvania's competitive market works, what the Price to Compare means, and how to weigh supplier offers against your default rate.",137,1,Pennsylvania Electricity Rates 2026: Compare PA Suppliers and Save,12,1438,true,0,0,0,Organization WebSite BreadcrumbList Article,,0,0
/learn/2,redirect,redirect-source,false,301,/learn/how-to-compare-electricity-rates,200,1,false,"index, follow, max-image-preview:large, max-snippet:-1, max-video-preview:-1",https://www.electricscouts.com/learn/how-to-compare-electricity-rates,false,How to Compare Electricity Rates | Electric Scouts,50,"Compare electricity plans on the terms that matter: rate, contract length, base charge and early termination fee, not just the headline price.",142,1,How to Compare Electricity Rates Step by Step,12,1550,true,0,0,0,Organization WebSite BreadcrumbList Article,,0,0
/learn/20,redirect,redirect-source,false,301,/learn/new-york-electricity-rates-esco-guide,200,1,false,"index, follow, max-image-preview:large, max-snippet:-1, max-video-preview:-1",https://www.electricscouts.com/learn/new-york-electricity-rates-esco-guide,false,New York Electricity Rates & ESCO Guide | Electric Scouts,57,"What an ESCO is, how New York supply charges appear on your bill, and what to check before switching away from utility default supply.",134,1,New York Electricity Rates 2026: ESCO Guide for NY Consumers,12,1408,true,0,0,0,Organization WebSite BreadcrumbList Article,,0,0
/learn/21,redirect,redirect-source,false,301,/learn/new-jersey-electricity-rates-guide,200,1,false,"index, follow, max-image-preview:large, max-snippet:-1, max-video-preview:-1",https://www.electricscouts.com/learn/new-jersey-electricity-rates-guide,false,New Jersey Electricity Rates & NJ Suppliers,43,"How third-party supply works alongside PSE&G, JCP&L and Atlantic City Electric, and what to compare before you switch.",118,1,New Jersey Electricity Rates 2026: Compare NJ Suppliers,3,1432,true,0,0,0,Organization WebSite BreadcrumbList Article,,0,0
/learn/22,redirect,redirect-source,false,301,/learn/maryland-electricity-rates-guide,200,1,false,"index, follow, max-image-preview:large, max-snippet:-1, max-video-preview:-1",https://www.electricscouts.com/learn/maryland-electricity-rates-guide,false,Maryland Electricity Rates & BGE Alternatives,45,"Compare Maryland suppliers against BGE standard offer service, and see which parts of your bill a competitive supplier can change.",130,1,Maryland Electricity Rates 2026: BGE Alternatives and Savings,11,1287,true,0,0,0,Organization WebSite BreadcrumbList Article,,0,0
/learn/23,redirect,redirect-source,false,301,/learn/massachusetts-electricity-rates-guide,200,1,false,"index, follow, max-image-preview:large, max-snippet:-1, max-video-preview:-1",https://www.electricscouts.com/learn/massachusetts-electricity-rates-guide,false,Massachusetts Electricity Rates & MA Suppliers,46,"How competitive supply works in Massachusetts, why basic service pricing resets twice a year, and what to check before switching.",129,1,Massachusetts Electricity Rates 2026: Compare MA Suppliers,12,1391,true,0,0,0,Organization WebSite BreadcrumbList Article,,0,0
/learn/24,redirect,redirect-source,false,301,/learn/connecticut-electricity-rates-guide,200,1,false,"index, follow, max-image-preview:large, max-snippet:-1, max-video-preview:-1",https://www.electricscouts.com/learn/connecticut-electricity-rates-guide,false,Connecticut Electricity Rates & CT Suppliers,44,"How Connecticut standard service is priced, when the rate changes, and how to compare competitive supplier offers against it.",125,1,Connecticut Electricity Rates 2026: Compare CT Suppliers,12,1379,true,0,0,0,Organization WebSite BreadcrumbList Article,,0,0
/learn/25,redirect,redirect-source,false,301,/learn/maine-electricity-rates-guide,200,1,false,"index, follow, max-image-preview:large, max-snippet:-1, max-video-preview:-1",https://www.electricscouts.com/learn/maine-electricity-rates-guide,false,Maine Electricity Rates & CMP Alternatives | Electric Scouts,60,"How Maine's standard offer works, what CMP and Versant actually bill you for, and how competitive supply compares against it.",125,1,Maine Electricity Rates 2026: CMP Alternatives and Savings,10,1323,true,0,0,0,Organization WebSite BreadcrumbList Article,,0,0
/learn/26,redirect,redirect-source,false,301,/learn/new-hampshire-electricity-rates-guide,200,1,false,"index, follow, max-image-preview:large, max-snippet:-1, max-video-preview:-1",https://www.electricscouts.com/learn/new-hampshire-electricity-rates-guide,false,New Hampshire Electricity Rates & NH Suppliers,46,"How New Hampshire default energy service works, when the rate resets, and how to compare competitive supplier offers against it.",128,1,New Hampshire Electricity Rates 2026: Compare NH Suppliers,14,1495,true,0,0,0,Organization WebSite BreadcrumbList Article,,0,0
/learn/27,redirect,redirect-source,false,301,/learn/rhode-island-electricity-rates-guide,200,1,false,"index, follow, max-image-preview:large, max-snippet:-1, max-video-preview:-1",https://www.electricscouts.com/learn/rhode-island-electricity-rates-guide,false,Rhode Island Electricity Rates & RI Suppliers,45,"How Rhode Island last resort service is priced, when it changes, and what to compare before choosing a competitive supplier.",124,1,Rhode Island Electricity Rates 2026: Compare RI Suppliers,10,1433,true,0,0,0,Organization WebSite BreadcrumbList Article,,0,0
/learn/28,redirect,redirect-source,false,301,/learn/cheapest-electricity-plans-houston,200,1,false,"index, follow, max-image-preview:large, max-snippet:-1, max-video-preview:-1",https://www.electricscouts.com/learn/cheapest-electricity-plans-houston,false,Houston Electricity Rates & Plans | Electric Scouts,51,"Compare electricity plans sold in Houston, see how CenterPoint delivery charges appear on your bill, and learn what the EFL tells you.",134,1,Houston Electricity Rates 2026: Best Plans Under 10¢/kWh,11,1132,true,0,0,0,Organization WebSite BreadcrumbList Article,,0,0
/learn/29,redirect,redirect-source,false,301,/learn/dallas-fort-worth-electricity-plans,200,1,false,"index, follow, max-image-preview:large, max-snippet:-1, max-video-preview:-1",https://www.electricscouts.com/learn/dallas-fort-worth-electricity-plans,false,Dallas Electricity Rates & DFW Plans | Electric Scouts,54,"Compare electricity plans across Dallas and the wider DFW area, and see how Oncor delivery charges factor into the rate you pay.",128,1,Dallas Electricity Rates 2026: Compare DFW Energy Plans,11,1321,true,0,0,0,Organization WebSite BreadcrumbList Article,,0,0
/learn/3,redirect,redirect-source,false,301,/learn/fixed-vs-variable-rate-electricity,200,1,false,"index, follow, max-image-preview:large, max-snippet:-1, max-video-preview:-1",https://www.electricscouts.com/learn/fixed-vs-variable-rate-electricity,false,Fixed vs Variable Rate Electricity Plans | Electric Scouts,58,Compare fixed rate and variable rate electricity plans with real customer examples. Discover which option saves the most money for your situation.,146,1,Fixed Rate vs Variable Rate: Which Saves You More Money?,11,1440,true,0,0,0,Organization WebSite BreadcrumbList Article,,0,0
/learn/30,redirect,redirect-source,false,301,/learn/comed-alternatives-chicago,200,1,false,"index, follow, max-image-preview:large, max-snippet:-1, max-video-preview:-1",https://www.electricscouts.com/learn/comed-alternatives-chicago,false,Chicago Electricity Rates & ComEd Alternatives,46,"Compare Chicago electricity suppliers against the ComEd default rate, and see what a supplier switch changes on your monthly bill.",130,1,Chicago Electricity Rates 2026: ComEd Alternatives That Save,10,1341,true,0,0,0,Organization WebSite BreadcrumbList Article,,0,0
/learn/31,redirect,redirect-source,false,301,/learn/peco-alternatives-philadelphia,200,1,false,"index, follow, max-image-preview:large, max-snippet:-1, max-video-preview:-1",https://www.electricscouts.com/learn/peco-alternatives-philadelphia,false,Philadelphia Electricity Rates & PECO Options,45,"Compare Philadelphia suppliers against PECO's Price to Compare, and see which bill charges a competitive supplier can actually change.",134,1,Philadelphia Electricity Rates 2026: PECO Alternatives Guide,15,1416,true,0,0,0,Organization WebSite BreadcrumbList Article,,0,0
/learn/32,redirect,redirect-source,false,301,/learn/coned-alternatives-nyc,200,1,false,"index, follow, max-image-preview:large, max-snippet:-1, max-video-preview:-1",https://www.electricscouts.com/learn/coned-alternatives-nyc,false,NYC Electricity Rates & ConEd Alternatives | Electric Scouts,60,"How Con Edison supply charges work in New York City, what changes when an ESCO supplies you, and what to check before switching.",128,1,New York City Electricity Rates 2026: ConEd Alternative Guide,12,1429,true,0,0,0,Organization WebSite BreadcrumbList Article,,0,0
/learn/33,redirect,redirect-source,false,301,/learn/cps-energy-san-antonio-explained,200,1,false,"index, follow, max-image-preview:large, max-snippet:-1, max-video-preview:-1",https://www.electricscouts.com/learn/cps-energy-san-antonio-explained,false,Can You Switch Electricity in San Antonio? | Electric Scouts,60,"San Antonio is served by municipal utility CPS Energy, so retail choice works differently here. What that means for your options.",129,1,San Antonio Electricity Rates 2026: CPS Energy Alternatives,11,1375,true,0,0,0,Organization WebSite BreadcrumbList Article,,0,0
/learn/34,redirect,redirect-source,false,301,/learn/austin-energy-explained,200,1,false,"index, follow, max-image-preview:large, max-snippet:-1, max-video-preview:-1",https://www.electricscouts.com/learn/austin-energy-explained,false,Can You Switch Electricity in Austin? | Electric Scouts,55,"Austin Energy is a municipal utility, so most of the city sits outside Texas retail choice. What that means for your options.",125,1,Austin Electricity Rates 2026: Austin Energy Alternatives,12,1556,true,0,0,0,Organization WebSite BreadcrumbList Article,,0,0
/learn/35,redirect,redirect-source,false,301,/learn/columbus-ohio-electricity-rates,200,1,false,"index, follow, max-image-preview:large, max-snippet:-1, max-video-preview:-1",https://www.electricscouts.com/learn/columbus-ohio-electricity-rates,false,Columbus Electricity Rates & AEP Ohio Options,45,"Compare Columbus electricity suppliers against the AEP Ohio Price to Compare, and see what changes on your bill when you switch.",128,1,Columbus Ohio Electricity Rates 2026: AEP Alternatives,11,1304,true,0,0,0,Organization WebSite BreadcrumbList Article,,0,0
/learn/36,redirect,redirect-source,false,301,/learn/bge-alternatives-baltimore,200,1,false,"index, follow, max-image-preview:large, max-snippet:-1, max-video-preview:-1",https://www.electricscouts.com/learn/bge-alternatives-baltimore,false,Baltimore Electricity Rates & BGE Options | Electric Scouts,59,"Compare Baltimore electricity suppliers against BGE standard offer service, and see which charges a supplier can actually change.",129,1,Baltimore Electricity Rates 2026: BGE Alternatives Guide,10,1412,true,0,0,0,Organization WebSite BreadcrumbList Article,,0,0
/learn/37,redirect,redirect-source,false,301,/learn/eversource-alternatives-boston,200,1,false,"index, follow, max-image-preview:large, max-snippet:-1, max-video-preview:-1",https://www.electricscouts.com/learn/eversource-alternatives-boston,false,Boston Electricity Rates & Eversource Options,45,"Compare Boston electricity suppliers against Eversource basic service, and see how the twice-yearly rate reset affects your bill.",129,1,Boston Electricity Rates 2026: Eversource Alternatives,13,1368,true,0,0,0,Organization WebSite BreadcrumbList Article,,0,0
/learn/38,redirect,redirect-source,false,301,/learn/txu-vs-reliant-which-is-better,200,1,false,"index, follow, max-image-preview:large, max-snippet:-1, max-video-preview:-1",https://www.electricscouts.com/learn/txu-vs-reliant-which-is-better,false,TXU vs Reliant: Which Texas Provider Wins? | Electric Scouts,60,"Compare TXU Energy and Reliant Energy on plan types, contract terms and fees, and work out which one suits your household usage.",128,1,TXU Energy vs Reliant Energy 2026: Which Texas Provider is Better?,14,1348,true,0,0,0,Organization WebSite BreadcrumbList Article,,0,0
/learn/39,redirect,redirect-source,false,301,/learn/green-mountain-energy-review,200,1,false,"index, follow, max-image-preview:large, max-snippet:-1, max-video-preview:-1",https://www.electricscouts.com/learn/green-mountain-energy-review,false,Green Mountain Energy Review: Renewable Claims,46,"A look at Green Mountain Energy's plan types, contract terms and renewable claims, and where it sits against other Texas suppliers.",131,1,"Green Mountain Energy Review 2026: Plans, Rates, and Pros/Cons",12,1358,true,0,0,0,Organization WebSite BreadcrumbList Article,,0,0
/learn/4,redirect,redirect-source,false,301,/learn/green-energy-plans,200,1,false,"index, follow, max-image-preview:large, max-snippet:-1, max-video-preview:-1",https://www.electricscouts.com/learn/green-energy-plans,false,100% Renewable Electricity Plans Explained | Electric Scouts,60,"How 100% renewable electricity plans work, what a REC actually is, and how green plan rates compare with standard supply.",121,1,Green Energy Plans: Save Money While Saving the Planet,12,1623,true,0,0,0,Organization WebSite BreadcrumbList Article,,0,0
/learn/40,redirect,redirect-source,false,301,/learn/octopus-energy-review,200,1,false,"index, follow, max-image-preview:large, max-snippet:-1, max-video-preview:-1",https://www.electricscouts.com/learn/octopus-energy-review,false,Octopus Energy Review: Customer Experience | Electric Scouts,60,"A look at Octopus Energy's plan structure, contract terms and customer experience, and how it compares with other retail suppliers.",131,1,"Octopus Energy Review 2026: Plans, Rates, and Customer Experience",12,1591,true,0,0,0,Organization WebSite BreadcrumbList Article,,0,0
/learn/41,redirect,redirect-source,false,301,/learn/just-energy-review,200,1,false,"index, follow, max-image-preview:large, max-snippet:-1, max-video-preview:-1",https://www.electricscouts.com/learn/just-energy-review,false,Just Energy Review: Contract Terms and Fees,43,"A look at Just Energy's plan types, contract terms and fees, and the things worth weighing up before you sign with them.",120,1,"Just Energy Review 2026: Plans, Rates, and Is It Worth It?",12,1437,true,0,0,0,Organization WebSite BreadcrumbList Article,,0,0
/learn/42,redirect,redirect-source,false,301,/learn/rhythm-energy-review,200,1,false,"index, follow, max-image-preview:large, max-snippet:-1, max-video-preview:-1",https://www.electricscouts.com/learn/rhythm-energy-review,false,Rhythm Energy Review: Texas Plans & Rates | Electric Scouts,59,"A look at Rhythm Energy's Texas plan types, contract terms and renewable options, and how it compares with other retail suppliers.",130,1,Rhythm Energy Review 2026: Texas Plans and Customer Reviews,11,1454,true,0,0,0,Organization WebSite BreadcrumbList Article,,0,0
/learn/43,redirect,redirect-source,false,301,/learn/prepaid-electricity-plans,200,1,false,"index, follow, max-image-preview:large, max-snippet:-1, max-video-preview:-1",https://www.electricscouts.com/learn/prepaid-electricity-plans,false,Best Prepaid Electricity Plans | Electric Scouts,48,"How prepaid electricity works, who it suits, and what to check on deposits, daily fees and disconnection rules before signing up.",129,1,Best Prepaid Electricity Plans 2026: No Credit Check Options,15,1464,true,0,0,0,Organization WebSite BreadcrumbList Article,,0,0
/learn/44,redirect,redirect-source,false,301,/learn/free-nights-and-weekends-electricity-plans,200,1,false,"index, follow, max-image-preview:large, max-snippet:-1, max-video-preview:-1",https://www.electricscouts.com/learn/free-nights-and-weekends-electricity-plans,false,Free Nights & Weekends Electricity Plans | Electric Scouts,58,"How free nights and weekends plans price the rest of your usage, and the conditions under which the trade-off works in your favour.",131,1,Best Free Nights and Weekends Electricity Plans 2026,12,1417,true,0,0,0,Organization WebSite BreadcrumbList Article,,0,0
/learn/45,redirect,redirect-source,false,301,/learn/month-to-month-electricity-plans,200,1,false,"index, follow, max-image-preview:large, max-snippet:-1, max-video-preview:-1",https://www.electricscouts.com/learn/month-to-month-electricity-plans,false,Best Short-Term & Month-to-Month Plans | Electric Scouts,56,"How month-to-month electricity plans work, what they cost compared with fixed terms, and when a short contract is the right call.",129,1,Best Short-Term Electricity Plans: Month-to-Month Options 2026,12,1463,true,0,0,0,Organization WebSite BreadcrumbList Article,,0,0
/learn/46,redirect,redirect-source,false,301,/learn/summer-electricity-bills,200,1,false,"index, follow, max-image-preview:large, max-snippet:-1, max-video-preview:-1",https://www.electricscouts.com/learn/summer-electricity-bills,false,How to Lower Your Summer Electricity Bill | Electric Scouts,59,"Why summer bills spike, which changes actually reduce cooling load, and how plan choice affects what you pay in the peak months.",128,1,Summer Electricity Bills: How to Keep Costs Down in 2026,10,1099,true,0,0,0,Organization WebSite BreadcrumbList Article,,0,0
/learn/47,redirect,redirect-source,false,301,/learn/winter-heating-costs-electric-vs-gas,200,1,false,"index, follow, max-image-preview:large, max-snippet:-1, max-video-preview:-1",https://www.electricscouts.com/learn/winter-heating-costs-electric-vs-gas,false,Winter Heating Costs: Electric vs Gas vs Heat Pump,50,"Compare winter heating costs across electric resistance, natural gas and heat pumps, and see which is cheapest to run where you live.",133,1,Winter Heating Costs 2026: Electric Heat vs Gas vs Heat Pump,11,1592,true,0,0,0,Organization WebSite BreadcrumbList Article,,0,0
/learn/48,redirect,redirect-source,false,301,/learn/best-time-to-switch-electricity-providers,200,1,false,"index, follow, max-image-preview:large, max-snippet:-1, max-video-preview:-1",https://www.electricscouts.com/learn/best-time-to-switch-electricity-providers,false,When to Switch Electricity Providers | Electric Scouts,54,"When to start shopping for a new electricity plan, how contract end dates work, and why timing changes what you get offered.",124,1,When Is the Best Time to Switch Electricity Providers?,10,1234,true,0,0,0,Organization WebSite BreadcrumbList Article,,0,0
/learn/49,redirect,redirect-source,false,301,/learn/moving-to-texas-electricity-setup,200,1,false,"index, follow, max-image-preview:large, max-snippet:-1, max-video-preview:-1",https://www.electricscouts.com/learn/moving-to-texas-electricity-setup,false,Moving to Texas? Electricity Setup Guide | Electric Scouts,58,"How to set up electricity before you move to Texas: what you need to hand, how long it takes, and how to avoid a gap in service.",128,1,Moving to Texas? Your Complete Electricity Setup Guide 2026,9,1435,true,0,0,0,Organization WebSite BreadcrumbList Article,,0,0
/learn/5,redirect,redirect-source,false,301,/learn/business-electricity-rates-guide,200,1,false,"index, follow, max-image-preview:large, max-snippet:-1, max-video-preview:-1",https://www.electricscouts.com/learn/business-electricity-rates-guide,false,Business Electricity Rates & Demand Charges,43,"How commercial electricity is priced: demand charges, load factor and contract structure, and what to prepare before requesting quotes.",135,1,Business Electricity Rates: Complete Commercial Power Guide 2026,7,946,true,0,0,0,Organization WebSite BreadcrumbList Article,,0,0
/learn/50,redirect,redirect-source,false,301,/learn/moving-set-up-electricity-service,200,1,false,"index, follow, max-image-preview:large, max-snippet:-1, max-video-preview:-1",https://www.electricscouts.com/learn/moving-set-up-electricity-service,false,Moving States? How to Set Up Electricity | Electric Scouts,58,"How to set up or transfer electricity when you move to a new state, including which markets let you pick your own supplier.",123,1,Moving to a New State? How to Set Up Electricity Service,15,1521,true,0,0,0,Organization WebSite BreadcrumbList Article,,0,0
/learn/51,redirect,redirect-source,false,301,/learn/ercot-electricity-market-explained,200,1,false,"index, follow, max-image-preview:large, max-snippet:-1, max-video-preview:-1",https://www.electricscouts.com/learn/ercot-electricity-market-explained,false,ERCOT Explained: How the Texas Grid Works | Electric Scouts,59,"What ERCOT does, how the Texas wholesale market sets prices, and how grid conditions reach the retail plan you actually buy.",124,1,ERCOT Electricity Market Explained: How Texas Power Grid Works,11,1327,true,0,0,0,Organization WebSite BreadcrumbList Article,,0,0
/learn/52,redirect,redirect-source,false,301,/learn/cheapest-electricity-rates-by-state,200,1,false,"index, follow, max-image-preview:large, max-snippet:-1, max-video-preview:-1",https://www.electricscouts.com/learn/cheapest-electricity-rates-by-state,false,Cheapest Electricity Rates by State | Electric Scouts,53,"How electricity rates vary across states, why the gap between them is so wide, and what it means if you can choose a supplier.",126,1,Cheapest Electricity Rates by State 2026: Complete Comparison,11,1449,true,0,0,0,Organization WebSite BreadcrumbList Article,,0,0
/learn/53,redirect,redirect-source,false,301,/learn/how-to-negotiate-your-electricity-rate,200,1,false,"index, follow, max-image-preview:large, max-snippet:-1, max-video-preview:-1",https://www.electricscouts.com/learn/how-to-negotiate-your-electricity-rate,false,How to Negotiate Your Electricity Rate | Electric Scouts,56,"Whether electricity rates are negotiable, what leverage you actually have at renewal, and how to approach the conversation.",123,1,How to Negotiate Your Electricity Rate: Insider Tips,10,1496,true,0,0,0,Organization WebSite BreadcrumbList Article,,0,0
/learn/54,redirect,redirect-source,false,301,/learn/electricity-usage-calculator,200,1,false,"index, follow, max-image-preview:large, max-snippet:-1, max-video-preview:-1",https://www.electricscouts.com/learn/electricity-usage-calculator,false,Electricity Usage Calculator & Home Load Guide,46,"Work out how much electricity your home uses, which appliances dominate the total, and how usage maps onto your monthly bill.",125,1,Electricity Usage Calculator: How Much Power Does Your Home Use?,13,1451,true,0,0,0,Organization WebSite BreadcrumbList Article,,0,0
/learn/55,redirect,redirect-source,false,301,/learn/smart-thermostat-savings,200,1,false,"index, follow, max-image-preview:large, max-snippet:-1, max-video-preview:-1",https://www.electricscouts.com/learn/smart-thermostat-savings,false,Smart Thermostat Savings Explained | Electric Scouts,52,"What smart thermostats actually change about heating and cooling costs, and the conditions under which the hardware pays for itself.",132,1,Smart Thermostat Savings: How Much Can You Really Save?,13,1316,true,0,0,0,Organization WebSite BreadcrumbList Article,,0,0
/learn/56,redirect,redirect-source,false,301,/learn/time-of-use-electricity-plans,200,1,false,"index, follow, max-image-preview:large, max-snippet:-1, max-video-preview:-1",https://www.electricscouts.com/learn/time-of-use-electricity-plans,false,Are Time-of-Use Electricity Plans Worth It?,43,"How time-of-use pricing works, who benefits from shifting usage off-peak, and when a flat rate is the safer choice.",115,1,Time-of-Use Electricity Plans: Are They Worth It?,12,1407,true,0,0,0,Organization WebSite BreadcrumbList Article,,0,0
/learn/57,redirect,redirect-source,false,301,/learn/what-is-a-kwh,200,1,false,"index, follow, max-image-preview:large, max-snippet:-1, max-video-preview:-1",https://www.electricscouts.com/learn/what-is-a-kwh,false,What Is a kWh? Kilowatt Hour Explained | Electric Scouts,56,"What a kilowatt hour measures, how it turns into the number on your bill, and how to sanity-check your own household usage.",123,1,What Is a kWh? Understanding Your Electricity Usage,11,1311,true,0,0,0,Organization WebSite BreadcrumbList Article,,0,0
/learn/58,redirect,redirect-source,false,301,/learn/electricity-delivery-charges-explained,200,1,false,"index, follow, max-image-preview:large, max-snippet:-1, max-video-preview:-1",https://www.electricscouts.com/learn/electricity-delivery-charges-explained,false,Electricity Delivery Charges Explained | Electric Scouts,56,"Why your bill splits into supply and delivery, which half a competitive supplier can change, and what the utility always charges.",129,1,Electricity Delivery Charges Explained: Why Your Bill Has Two Parts,15,1547,true,0,0,0,Organization WebSite BreadcrumbList Article,,0,0
/learn/59,redirect,redirect-source,false,301,/learn/ppa-vs-buying-solar,200,1,false,"index, follow, max-image-preview:large, max-snippet:-1, max-video-preview:-1",https://www.electricscouts.com/learn/ppa-vs-buying-solar,false,Solar PPA vs Buying Solar Panels | Electric Scouts,50,"How a solar power purchase agreement differs from buying panels outright, and which option suits different budgets and timelines.",129,1,Power Purchase Agreement (PPA) vs Buying Solar: Which Is Better?,12,1526,true,0,0,0,Organization WebSite BreadcrumbList Article,,0,0
/learn/6,redirect,redirect-source,false,301,/learn/average-electric-bill-by-state,200,1,false,"index, follow, max-image-preview:large, max-snippet:-1, max-video-preview:-1",https://www.electricscouts.com/learn/average-electric-bill-by-state,false,Average Electric Bill by State: 2026 Guide | Electric Scouts,60,"What households pay for electricity across the country, how state averages are worked out, and why your own bill can differ.",124,1,Average Electric Bill by State: Complete 2026 Guide,9,1172,true,0,0,0,Organization WebSite BreadcrumbList Article,,0,0
/learn/60,redirect,redirect-source,false,301,/learn/community-solar-explained,200,1,false,"index, follow, max-image-preview:large, max-snippet:-1, max-video-preview:-1",https://www.electricscouts.com/learn/community-solar-explained,false,Community Solar Explained | Electric Scouts,43,"How community solar subscriptions work without rooftop panels, how the credits reach your bill, and what to check in the contract.",130,1,Community Solar Explained: Solar Energy Without Rooftop Panels,14,1409,true,0,0,0,Organization WebSite BreadcrumbList Article,,0,0
/learn/61,redirect,redirect-source,false,301,/learn/ev-charging-at-home-cost,200,1,false,"index, follow, max-image-preview:large, max-snippet:-1, max-video-preview:-1",https://www.electricscouts.com/learn/ev-charging-at-home-cost,false,EV Charging at Home: Cost Per Mile | Electric Scouts,52,"What home EV charging adds to your electricity bill, how to work out cost per mile, and which plans suit overnight charging.",124,1,EV Charging at Home: How Much Does It Add to Your Electric Bill?,12,1440,true,0,0,0,Organization WebSite BreadcrumbList Article,,0,0
/learn/62,redirect,redirect-source,false,301,/learn/electricity-scams,200,1,false,"index, follow, max-image-preview:large, max-snippet:-1, max-video-preview:-1",https://www.electricscouts.com/learn/electricity-scams,false,Electricity Scams and How to Spot Them | Electric Scouts,56,"Common electricity sales scams, the tactics door-to-door and phone sellers use, and how to verify who is actually contacting you.",129,1,Electricity Scams to Watch Out For in 2026: Protect Yourself,12,1418,true,0,0,0,Organization WebSite BreadcrumbList Article,,0,0
/learn/63,redirect,redirect-source,false,301,/learn/electricity-customer-rights,200,1,false,"index, follow, max-image-preview:large, max-snippet:-1, max-video-preview:-1",https://www.electricscouts.com/learn/electricity-customer-rights,false,Your Rights as an Electricity Customer | Electric Scouts,56,"The protections electricity customers have on billing, switching, disconnection and complaints, and how they vary by state.",123,1,Your Rights as an Electricity Customer: State-by-State Guide,9,1398,true,0,0,0,Organization WebSite BreadcrumbList Article,,0,0
/learn/64,redirect,redirect-source,false,301,/learn/electricity-contract-expires,200,1,false,"index, follow, max-image-preview:large, max-snippet:-1, max-video-preview:-1",https://www.electricscouts.com/learn/electricity-contract-expires,false,What Happens When Your Contract Expires? | Electric Scouts,58,"What happens when a fixed electricity contract ends, how holdover rates work, and how to avoid rolling onto a costly variable rate.",131,1,What Happens When Your Electricity Contract Expires?,11,1423,true,0,0,0,Organization WebSite BreadcrumbList Article,,0,0
/learn/65,redirect,redirect-source,false,301,/learn/how-to-file-electricity-complaint,200,1,false,"index, follow, max-image-preview:large, max-snippet:-1, max-video-preview:-1",https://www.electricscouts.com/learn/how-to-file-electricity-complaint,false,How to File a Complaint Against a Supplier | Electric Scouts,60,"How to escalate a dispute with an electricity supplier, what your state regulator can do, and what to document before you file.",127,1,How to File a Complaint Against Your Electricity Provider,12,1236,true,0,0,0,Organization WebSite BreadcrumbList Article,,0,0
/learn/66,redirect,redirect-source,false,301,/learn/small-business-electricity-rates,200,1,false,"index, follow, max-image-preview:large, max-snippet:-1, max-video-preview:-1",https://www.electricscouts.com/learn/small-business-electricity-rates,false,Small Business Electricity Rates | Electric Scouts,50,"How small business electricity is priced, why quotes vary by load profile, and what to prepare before requesting supplier quotes.",129,1,Small Business Electricity Rates: How to Cut Costs,9,1252,true,0,0,0,Organization WebSite BreadcrumbList Article,,0,0
/learn/67,redirect,redirect-source,false,301,/learn/restaurant-electricity-costs,200,1,false,"index, follow, max-image-preview:large, max-snippet:-1, max-video-preview:-1",https://www.electricscouts.com/learn/restaurant-electricity-costs,false,Restaurant Electricity Costs Explained | Electric Scouts,56,"Where restaurant electricity costs concentrate, from refrigeration to HVAC, and which changes reduce the bill by the most.",122,1,Restaurant Electricity Costs: How to Cut Your Energy Bill,10,1318,true,0,0,0,Organization WebSite BreadcrumbList Article,,0,0
/learn/68,redirect,redirect-source,false,301,/learn/office-building-electricity-rates,200,1,false,"index, follow, max-image-preview:large, max-snippet:-1, max-video-preview:-1",https://www.electricscouts.com/learn/office-building-electricity-rates,false,Office Building Electricity Costs | Electric Scouts,51,"How commercial electricity is billed for office buildings, what drives demand charges, and how to compare supplier quotes.",122,1,Office Building Electricity: Commercial Rate Comparison Guide,11,1286,true,0,0,0,Organization WebSite BreadcrumbList Article,,0,0
/learn/69,redirect,redirect-source,false,301,/learn/demand-charges-explained,200,1,false,"index, follow, max-image-preview:large, max-snippet:-1, max-video-preview:-1",https://www.electricscouts.com/learn/demand-charges-explained,false,Demand Charges Explained for Businesses | Electric Scouts,57,"What a demand charge is, how peak kW gets measured, and the practical ways businesses reduce it without changing operations.",124,1,Demand Charges Explained: What Business Owners Need to Know,13,1477,true,0,0,0,Organization WebSite BreadcrumbList Article,,0,0
/learn/7,redirect,redirect-source,false,301,/learn/how-to-switch-electricity-providers,200,1,false,"index, follow, max-image-preview:large, max-snippet:-1, max-video-preview:-1",https://www.electricscouts.com/learn/how-to-switch-electricity-providers,false,How to Switch Electricity Providers: 2026 Guide,47,"What happens when you switch electricity supplier, how long the transfer takes, and why your power never goes out during it.",124,1,How to Switch Electricity Providers: Step-by-Step Guide 2026,9,1685,true,0,0,0,Organization WebSite BreadcrumbList Article,,0,0
/learn/70,redirect,redirect-source,false,301,/learn/business-solar-vs-grid-electricity,200,1,false,"index, follow, max-image-preview:large, max-snippet:-1, max-video-preview:-1",https://www.electricscouts.com/learn/business-solar-vs-grid-electricity,false,Business Solar vs Grid Electricity | Electric Scouts,52,"How to compare commercial solar against grid supply on payback period, financing options and roof or site constraints.",118,1,Business Solar vs Grid Electricity: ROI Comparison 2026,9,1503,true,0,0,0,Organization WebSite BreadcrumbList Article,,0,0
/learn/8,redirect,redirect-source,false,301,/learn/cheapest-electricity-plans-texas,200,1,false,"index, follow, max-image-preview:large, max-snippet:-1, max-video-preview:-1",https://www.electricscouts.com/learn/cheapest-electricity-plans-texas,false,Cheapest Electricity Plans in Texas | Electric Scouts,53,"How to find low Texas electricity rates: where the cheap plans hide, which fees to check, and how the EFL reveals the real cost.",128,1,Cheapest Electricity Plans in Texas 2026: Find Rates Under 8¢/kWh,10,838,true,0,0,0,Organization WebSite BreadcrumbList Article,,0,0
/learn/9,redirect,redirect-source,false,301,/learn/no-deposit-electricity-plans,200,1,false,"index, follow, max-image-preview:large, max-snippet:-1, max-video-preview:-1",https://www.electricscouts.com/learn/no-deposit-electricity-plans,false,No Deposit Electricity Plans | Electric Scouts,46,Get electricity without a deposit or credit check. Our guide explains how no deposit electricity plans work and helps you find the best providers.,146,1,No Deposit Electricity Plans: Complete Guide to Getting Power Without a Deposit,9,1623,true,0,0,0,Organization WebSite BreadcrumbList Article,,0,0
/learn/austin-energy-explained,article,registry:article sitemap redirect-target internal-link canonical-target served-file,true,200,/learn/austin-energy-explained,200,0,true,"index, follow, max-image-preview:large, max-snippet:-1, max-video-preview:-1",https://www.electricscouts.com/learn/austin-energy-explained,true,Can You Switch Electricity in Austin? | Electric Scouts,55,"Austin Energy is a municipal utility, so most of the city sits outside Texas retail choice. What that means for your options.",125,1,Austin Electricity Rates 2026: Austin Energy Alternatives,12,1556,true,0,0,0,Organization WebSite BreadcrumbList Article,,13,54
/learn/average-electric-bill-by-state,article,registry:article sitemap redirect-target internal-link canonical-target served-file,true,200,/learn/average-electric-bill-by-state,200,0,true,"index, follow, max-image-preview:large, max-snippet:-1, max-video-preview:-1",https://www.electricscouts.com/learn/average-electric-bill-by-state,true,Average Electric Bill by State: 2026 Guide | Electric Scouts,60,"What households pay for electricity across the country, how state averages are worked out, and why your own bill can differ.",124,1,Average Electric Bill by State: Complete 2026 Guide,9,1172,true,0,0,0,Organization WebSite BreadcrumbList Article,,9,54
/learn/best-electricity-plans-for-apartments,article,registry:article sitemap redirect-target internal-link canonical-target served-file,true,200,/learn/best-electricity-plans-for-apartments,200,0,true,"index, follow, max-image-preview:large, max-snippet:-1, max-video-preview:-1",https://www.electricscouts.com/learn/best-electricity-plans-for-apartments,true,Best Electricity Plans for Apartments 2026 | Electric Scouts,60,"Finding the best electricity for apartments is easy with our 2026 guide. We cover renter-friendly options, including no-deposit plans and short-term contracts.",159,1,Best Electricity Plans for Apartments 2026: Renter-Friendly Options,10,945,true,0,0,0,Organization WebSite BreadcrumbList Article,,5,50
/learn/best-time-to-switch-electricity-providers,article,registry:article sitemap redirect-target internal-link canonical-target served-file,true,200,/learn/best-time-to-switch-electricity-providers,200,0,true,"index, follow, max-image-preview:large, max-snippet:-1, max-video-preview:-1",https://www.electricscouts.com/learn/best-time-to-switch-electricity-providers,true,When to Switch Electricity Providers | Electric Scouts,54,"When to start shopping for a new electricity plan, how contract end dates work, and why timing changes what you get offered.",124,1,When Is the Best Time to Switch Electricity Providers?,10,1234,true,0,0,0,Organization WebSite BreadcrumbList Article,,8,60
/learn/bge-alternatives-baltimore,article,registry:article sitemap redirect-target internal-link canonical-target served-file,true,200,/learn/bge-alternatives-baltimore,200,0,true,"index, follow, max-image-preview:large, max-snippet:-1, max-video-preview:-1",https://www.electricscouts.com/learn/bge-alternatives-baltimore,true,Baltimore Electricity Rates & BGE Options | Electric Scouts,59,"Compare Baltimore electricity suppliers against BGE standard offer service, and see which charges a supplier can actually change.",129,1,Baltimore Electricity Rates 2026: BGE Alternatives Guide,10,1412,true,0,0,0,Organization WebSite BreadcrumbList Article,,3,53
/learn/business-electricity-rates-guide,article,registry:article sitemap redirect-target internal-link canonical-target served-file,true,200,/learn/business-electricity-rates-guide,200,0,true,"index, follow, max-image-preview:large, max-snippet:-1, max-video-preview:-1",https://www.electricscouts.com/learn/business-electricity-rates-guide,true,Business Electricity Rates & Demand Charges,43,"How commercial electricity is priced: demand charges, load factor and contract structure, and what to prepare before requesting quotes.",135,1,Business Electricity Rates: Complete Commercial Power Guide 2026,7,946,true,0,0,0,Organization WebSite BreadcrumbList Article,,12,54
/learn/business-solar-vs-grid-electricity,article,registry:article sitemap redirect-target internal-link canonical-target served-file,true,200,/learn/business-solar-vs-grid-electricity,200,0,true,"index, follow, max-image-preview:large, max-snippet:-1, max-video-preview:-1",https://www.electricscouts.com/learn/business-solar-vs-grid-electricity,true,Business Solar vs Grid Electricity | Electric Scouts,52,"How to compare commercial solar against grid supply on payback period, financing options and roof or site constraints.",118,1,Business Solar vs Grid Electricity: ROI Comparison 2026,9,1503,true,0,0,0,Organization WebSite BreadcrumbList Article,,7,54
/learn/cheapest-electricity-plans-houston,article,registry:article sitemap redirect-target internal-link canonical-target served-file,true,200,/learn/cheapest-electricity-plans-houston,200,0,true,"index, follow, max-image-preview:large, max-snippet:-1, max-video-preview:-1",https://www.electricscouts.com/learn/cheapest-electricity-plans-houston,true,Houston Electricity Rates & Plans | Electric Scouts,51,"Compare electricity plans sold in Houston, see how CenterPoint delivery charges appear on your bill, and learn what the EFL tells you.",134,1,Houston Electricity Rates 2026: Best Plans Under 10¢/kWh,11,1132,true,0,0,0,Organization WebSite BreadcrumbList Article,,5,53
/learn/cheapest-electricity-plans-texas,article,registry:article sitemap redirect-target internal-link canonical-target served-file,true,200,/learn/cheapest-electricity-plans-texas,200,0,true,"index, follow, max-image-preview:large, max-snippet:-1, max-video-preview:-1",https://www.electricscouts.com/learn/cheapest-electricity-plans-texas,true,Cheapest Electricity Plans in Texas | Electric Scouts,53,"How to find low Texas electricity rates: where the cheap plans hide, which fees to check, and how the EFL reveals the real cost.",128,1,Cheapest Electricity Plans in Texas 2026: Find Rates Under 8¢/kWh,10,838,true,0,0,0,Organization WebSite BreadcrumbList Article,,24,55
/learn/cheapest-electricity-rates-by-state,article,registry:article sitemap redirect-target internal-link canonical-target served-file,true,200,/learn/cheapest-electricity-rates-by-state,200,0,true,"index, follow, max-image-preview:large, max-snippet:-1, max-video-preview:-1",https://www.electricscouts.com/learn/cheapest-electricity-rates-by-state,true,Cheapest Electricity Rates by State | Electric Scouts,53,"How electricity rates vary across states, why the gap between them is so wide, and what it means if you can choose a supplier.",126,1,Cheapest Electricity Rates by State 2026: Complete Comparison,11,1449,true,0,0,0,Organization WebSite BreadcrumbList Article,,4,60
/learn/columbus-ohio-electricity-rates,article,registry:article sitemap redirect-target internal-link canonical-target served-file,true,200,/learn/columbus-ohio-electricity-rates,200,0,true,"index, follow, max-image-preview:large, max-snippet:-1, max-video-preview:-1",https://www.electricscouts.com/learn/columbus-ohio-electricity-rates,true,Columbus Electricity Rates & AEP Ohio Options,45,"Compare Columbus electricity suppliers against the AEP Ohio Price to Compare, and see what changes on your bill when you switch.",128,1,Columbus Ohio Electricity Rates 2026: AEP Alternatives,11,1304,true,0,0,0,Organization WebSite BreadcrumbList Article,,7,49
/learn/comed-alternatives-chicago,article,registry:article sitemap redirect-target internal-link canonical-target served-file,true,200,/learn/comed-alternatives-chicago,200,0,true,"index, follow, max-image-preview:large, max-snippet:-1, max-video-preview:-1",https://www.electricscouts.com/learn/comed-alternatives-chicago,true,Chicago Electricity Rates & ComEd Alternatives,46,"Compare Chicago electricity suppliers against the ComEd default rate, and see what a supplier switch changes on your monthly bill.",130,1,Chicago Electricity Rates 2026: ComEd Alternatives That Save,10,1341,true,0,0,0,Organization WebSite BreadcrumbList Article,,4,51
/learn/community-solar-explained,article,registry:article sitemap redirect-target internal-link canonical-target served-file,true,200,/learn/community-solar-explained,200,0,true,"index, follow, max-image-preview:large, max-snippet:-1, max-video-preview:-1",https://www.electricscouts.com/learn/community-solar-explained,true,Community Solar Explained | Electric Scouts,43,"How community solar subscriptions work without rooftop panels, how the credits reach your bill, and what to check in the contract.",130,1,Community Solar Explained: Solar Energy Without Rooftop Panels,14,1409,true,0,0,0,Organization WebSite BreadcrumbList Article,,6,54
/learn/concord-nh-electricity-rates,article,registry:article sitemap redirect-target internal-link canonical-target served-file,true,200,/learn/concord-nh-electricity-rates,200,0,true,"index, follow, max-image-preview:large, max-snippet:-1, max-video-preview:-1",https://www.electricscouts.com/learn/concord-nh-electricity-rates,true,Concord NH: Electricity Suppliers vs Eversource,47,"Compare Concord electricity suppliers against Eversource default service, with local context for Merrimack County households.",125,1,Concord NH Electricity Rates: Capital City Guide,13,1467,true,0,0,0,Organization WebSite BreadcrumbList Article,,6,57
/learn/coned-alternatives-nyc,article,registry:article sitemap redirect-target internal-link canonical-target served-file,true,200,/learn/coned-alternatives-nyc,200,0,true,"index, follow, max-image-preview:large, max-snippet:-1, max-video-preview:-1",https://www.electricscouts.com/learn/coned-alternatives-nyc,true,NYC Electricity Rates & ConEd Alternatives | Electric Scouts,60,"How Con Edison supply charges work in New York City, what changes when an ESCO supplies you, and what to check before switching.",128,1,New York City Electricity Rates 2026: ConEd Alternative Guide,12,1429,true,0,0,0,Organization WebSite BreadcrumbList Article,,4,53
/learn/connecticut-electricity-rates-guide,article,registry:article sitemap redirect-target internal-link canonical-target served-file,true,200,/learn/connecticut-electricity-rates-guide,200,0,true,"index, follow, max-image-preview:large, max-snippet:-1, max-video-preview:-1",https://www.electricscouts.com/learn/connecticut-electricity-rates-guide,true,Connecticut Electricity Rates & CT Suppliers,44,"How Connecticut standard service is priced, when the rate changes, and how to compare competitive supplier offers against it.",125,1,Connecticut Electricity Rates 2026: Compare CT Suppliers,12,1379,true,0,0,0,Organization WebSite BreadcrumbList Article,,15,56
/learn/cps-energy-san-antonio-explained,article,registry:article sitemap redirect-target internal-link canonical-target served-file,true,200,/learn/cps-energy-san-antonio-explained,200,0,true,"index, follow, max-image-preview:large, max-snippet:-1, max-video-preview:-1",https://www.electricscouts.com/learn/cps-energy-san-antonio-explained,true,Can You Switch Electricity in San Antonio? | Electric Scouts,60,"San Antonio is served by municipal utility CPS Energy, so retail choice works differently here. What that means for your options.",129,1,San Antonio Electricity Rates 2026: CPS Energy Alternatives,11,1375,true,0,0,0,Organization WebSite BreadcrumbList Article,,11,52
/learn/dallas-fort-worth-electricity-plans,article,registry:article sitemap redirect-target internal-link canonical-target served-file,true,200,/learn/dallas-fort-worth-electricity-plans,200,0,true,"index, follow, max-image-preview:large, max-snippet:-1, max-video-preview:-1",https://www.electricscouts.com/learn/dallas-fort-worth-electricity-plans,true,Dallas Electricity Rates & DFW Plans | Electric Scouts,54,"Compare electricity plans across Dallas and the wider DFW area, and see how Oncor delivery charges factor into the rate you pay.",128,1,Dallas Electricity Rates 2026: Compare DFW Energy Plans,11,1321,true,0,0,0,Organization WebSite BreadcrumbList Article,,5,52
/learn/demand-charges-explained,article,registry:article sitemap redirect-target internal-link canonical-target served-file,true,200,/learn/demand-charges-explained,200,0,true,"index, follow, max-image-preview:large, max-snippet:-1, max-video-preview:-1",https://www.electricscouts.com/learn/demand-charges-explained,true,Demand Charges Explained for Businesses | Electric Scouts,57,"What a demand charge is, how peak kW gets measured, and the practical ways businesses reduce it without changing operations.",124,1,Demand Charges Explained: What Business Owners Need to Know,13,1477,true,0,0,0,Organization WebSite BreadcrumbList Article,,6,53
/learn/deregulated-electricity-markets,article,registry:article sitemap redirect-target internal-link canonical-target served-file,true,200,/learn/deregulated-electricity-markets,200,0,true,"index, follow, max-image-preview:large, max-snippet:-1, max-video-preview:-1",https://www.electricscouts.com/learn/deregulated-electricity-markets,true,What Is Electricity Deregulation? | Electric Scouts,51,"How electricity deregulation works, which states let you choose a supplier, and what actually changes on your bill when you switch.",131,1,Understanding Deregulated Electricity Markets: Your Complete Guide,16,2198,true,0,0,0,Organization WebSite BreadcrumbList Article,,18,101
/learn/el-paso-electricity-no-retail-choice,article,registry:article sitemap redirect-target internal-link canonical-target served-file,true,200,/learn/el-paso-electricity-no-retail-choice,200,0,true,"index, follow, max-image-preview:large, max-snippet:-1, max-video-preview:-1",https://www.electricscouts.com/learn/el-paso-electricity-no-retail-choice,true,El Paso Electricity: No Retail Choice | Electric Scouts,55,"El Paso sits outside ERCOT and outside the Texas competitive market. Why you cannot switch supplier there, who sets the rate, and how to cut the bill.",150,1,"El Paso Electricity: Why There Is No Retail Choice, and What You Can Do",10,1723,true,0,0,0,Organization WebSite BreadcrumbList Article,,8,49
/learn/electricity-contract-expires,article,registry:article sitemap redirect-target internal-link canonical-target served-file,true,200,/learn/electricity-contract-expires,200,0,true,"index, follow, max-image-preview:large, max-snippet:-1, max-video-preview:-1",https://www.electricscouts.com/learn/electricity-contract-expires,true,What Happens When Your Contract Expires? | Electric Scouts,58,"What happens when a fixed electricity contract ends, how holdover rates work, and how to avoid rolling onto a costly variable rate.",131,1,What Happens When Your Electricity Contract Expires?,11,1423,true,0,0,0,Organization WebSite BreadcrumbList Article,,3,60
/learn/electricity-customer-rights,article,registry:article sitemap redirect-target internal-link canonical-target served-file,true,200,/learn/electricity-customer-rights,200,0,true,"index, follow, max-image-preview:large, max-snippet:-1, max-video-preview:-1",https://www.electricscouts.com/learn/electricity-customer-rights,true,Your Rights as an Electricity Customer | Electric Scouts,56,"The protections electricity customers have on billing, switching, disconnection and complaints, and how they vary by state.",123,1,Your Rights as an Electricity Customer: State-by-State Guide,9,1398,true,0,0,0,Organization WebSite BreadcrumbList Article,,5,76
/learn/electricity-delivery-charges-explained,article,registry:article sitemap redirect-target internal-link canonical-target served-file,true,200,/learn/electricity-delivery-charges-explained,200,0,true,"index, follow, max-image-preview:large, max-snippet:-1, max-video-preview:-1",https://www.electricscouts.com/learn/electricity-delivery-charges-explained,true,Electricity Delivery Charges Explained | Electric Scouts,56,"Why your bill splits into supply and delivery, which half a competitive supplier can change, and what the utility always charges.",129,1,Electricity Delivery Charges Explained: Why Your Bill Has Two Parts,15,1547,true,0,0,0,Organization WebSite BreadcrumbList Article,,14,57
/learn/electricity-deregulation-explained,article,registry:article sitemap redirect-target internal-link canonical-target served-file,true,200,/learn/electricity-deregulation-explained,200,0,true,"index, follow, max-image-preview:large, max-snippet:-1, max-video-preview:-1",https://www.electricscouts.com/learn/electricity-deregulation-explained,true,Electricity Deregulation Explained | Electric Scouts,52,Learn about electricity deregulation and which states let you choose your energy provider. Compare rates and save on your electricity bill with Electric Scouts.,160,1,Electricity Deregulation Explained: Which States Let You Choose Your Provider?,8,1463,true,0,0,0,Organization WebSite BreadcrumbList Article,,11,54
/learn/electricity-rates-forecast,article,registry:article sitemap redirect-target internal-link canonical-target served-file,true,200,/learn/electricity-rates-forecast,200,0,true,"index, follow, max-image-preview:large, max-snippet:-1, max-video-preview:-1",https://www.electricscouts.com/learn/electricity-rates-forecast,true,Electricity Rates Forecast 2026-2027 | Electric Scouts,54,Stay ahead of rising electricity prices with our 2026-2027 electricity rates forecast. Learn what to expect and how to save on your energy bills.,145,1,Electricity Rates Forecast 2026-2027: What Consumers Should Expect,10,1171,true,0,0,0,Organization WebSite BreadcrumbList Article,,12,53
/learn/electricity-scams,article,registry:article sitemap redirect-target internal-link canonical-target served-file,true,200,/learn/electricity-scams,200,0,true,"index, follow, max-image-preview:large, max-snippet:-1, max-video-preview:-1",https://www.electricscouts.com/learn/electricity-scams,true,Electricity Scams and How to Spot Them | Electric Scouts,56,"Common electricity sales scams, the tactics door-to-door and phone sellers use, and how to verify who is actually contacting you.",129,1,Electricity Scams to Watch Out For in 2026: Protect Yourself,12,1418,true,0,0,0,Organization WebSite BreadcrumbList Article,,4,52
/learn/electricity-usage-calculator,article,registry:article sitemap redirect-target internal-link canonical-target served-file,true,200,/learn/electricity-usage-calculator,200,0,true,"index, follow, max-image-preview:large, max-snippet:-1, max-video-preview:-1",https://www.electricscouts.com/learn/electricity-usage-calculator,true,Electricity Usage Calculator & Home Load Guide,46,"Work out how much electricity your home uses, which appliances dominate the total, and how usage maps onto your monthly bill.",125,1,Electricity Usage Calculator: How Much Power Does Your Home Use?,13,1451,true,0,0,0,Organization WebSite BreadcrumbList Article,,6,68
/learn/ercot-electricity-market-explained,article,registry:article sitemap redirect-target internal-link canonical-target served-file,true,200,/learn/ercot-electricity-market-explained,200,0,true,"index, follow, max-image-preview:large, max-snippet:-1, max-video-preview:-1",https://www.electricscouts.com/learn/ercot-electricity-market-explained,true,ERCOT Explained: How the Texas Grid Works | Electric Scouts,59,"What ERCOT does, how the Texas wholesale market sets prices, and how grid conditions reach the retail plan you actually buy.",124,1,ERCOT Electricity Market Explained: How Texas Power Grid Works,11,1327,true,0,0,0,Organization WebSite BreadcrumbList Article,,6,53
/learn/ev-charging-at-home-cost,article,registry:article sitemap redirect-target internal-link canonical-target served-file,true,200,/learn/ev-charging-at-home-cost,200,0,true,"index, follow, max-image-preview:large, max-snippet:-1, max-video-preview:-1",https://www.electricscouts.com/learn/ev-charging-at-home-cost,true,EV Charging at Home: Cost Per Mile | Electric Scouts,52,"What home EV charging adds to your electricity bill, how to work out cost per mile, and which plans suit overnight charging.",124,1,EV Charging at Home: How Much Does It Add to Your Electric Bill?,12,1440,true,0,0,0,Organization WebSite BreadcrumbList Article,,7,58
/learn/eversource-alternatives-boston,article,registry:article sitemap redirect-target internal-link canonical-target served-file,true,200,/learn/eversource-alternatives-boston,200,0,true,"index, follow, max-image-preview:large, max-snippet:-1, max-video-preview:-1",https://www.electricscouts.com/learn/eversource-alternatives-boston,true,Boston Electricity Rates & Eversource Options,45,"Compare Boston electricity suppliers against Eversource basic service, and see how the twice-yearly rate reset affects your bill.",129,1,Boston Electricity Rates 2026: Eversource Alternatives,13,1368,true,0,0,0,Organization WebSite BreadcrumbList Article,,3,56
/learn/fixed-vs-variable-rate-electricity,article,registry:article sitemap redirect-target internal-link canonical-target served-file,true,200,/learn/fixed-vs-variable-rate-electricity,200,0,true,"index, follow, max-image-preview:large, max-snippet:-1, max-video-preview:-1",https://www.electricscouts.com/learn/fixed-vs-variable-rate-electricity,true,Fixed vs Variable Rate Electricity Plans | Electric Scouts,58,Compare fixed rate and variable rate electricity plans with real customer examples. Discover which option saves the most money for your situation.,146,1,Fixed Rate vs Variable Rate: Which Saves You More Money?,11,1440,true,0,0,0,Organization WebSite BreadcrumbList Article,,17,54
/learn/free-nights-and-weekends-electricity-plans,article,registry:article sitemap redirect-target internal-link canonical-target served-file,true,200,/learn/free-nights-and-weekends-electricity-plans,200,0,true,"index, follow, max-image-preview:large, max-snippet:-1, max-video-preview:-1",https://www.electricscouts.com/learn/free-nights-and-weekends-electricity-plans,true,Free Nights & Weekends Electricity Plans | Electric Scouts,58,"How free nights and weekends plans price the rest of your usage, and the conditions under which the trade-off works in your favour.",131,1,Best Free Nights and Weekends Electricity Plans 2026,12,1417,true,0,0,0,Organization WebSite BreadcrumbList Article,,4,59
/learn/green-energy-plans,article,registry:article sitemap redirect-target internal-link canonical-target served-file,true,200,/learn/green-energy-plans,200,0,true,"index, follow, max-image-preview:large, max-snippet:-1, max-video-preview:-1",https://www.electricscouts.com/learn/green-energy-plans,true,100% Renewable Electricity Plans Explained | Electric Scouts,60,"How 100% renewable electricity plans work, what a REC actually is, and how green plan rates compare with standard supply.",121,1,Green Energy Plans: Save Money While Saving the Planet,12,1623,true,0,0,0,Organization WebSite BreadcrumbList Article,,13,74
/learn/green-mountain-energy-review,article,registry:article sitemap redirect-target internal-link canonical-target served-file,true,200,/learn/green-mountain-energy-review,200,0,true,"index, follow, max-image-preview:large, max-snippet:-1, max-video-preview:-1",https://www.electricscouts.com/learn/green-mountain-energy-review,true,Green Mountain Energy Review: Renewable Claims,46,"A look at Green Mountain Energy's plan types, contract terms and renewable claims, and where it sits against other Texas suppliers.",131,1,"Green Mountain Energy Review 2026: Plans, Rates, and Pros/Cons",12,1358,true,0,0,0,Organization WebSite BreadcrumbList Article,,8,54
/learn/how-to-compare-electricity-rates,article,registry:article sitemap redirect-target internal-link canonical-target served-file,true,200,/learn/how-to-compare-electricity-rates,200,0,true,"index, follow, max-image-preview:large, max-snippet:-1, max-video-preview:-1",https://www.electricscouts.com/learn/how-to-compare-electricity-rates,true,How to Compare Electricity Rates | Electric Scouts,50,"Compare electricity plans on the terms that matter: rate, contract length, base charge and early termination fee, not just the headline price.",142,1,How to Compare Electricity Rates Step by Step,12,1550,true,0,0,0,Organization WebSite BreadcrumbList Article,,18,66
/learn/how-to-file-electricity-complaint,article,registry:article sitemap redirect-target internal-link canonical-target served-file,true,200,/learn/how-to-file-electricity-complaint,200,0,true,"index, follow, max-image-preview:large, max-snippet:-1, max-video-preview:-1",https://www.electricscouts.com/learn/how-to-file-electricity-complaint,true,How to File a Complaint Against a Supplier | Electric Scouts,60,"How to escalate a dispute with an electricity supplier, what your state regulator can do, and what to document before you file.",127,1,How to File a Complaint Against Your Electricity Provider,12,1236,true,0,0,0,Organization WebSite BreadcrumbList Article,,3,57
/learn/how-to-lower-your-electric-bill,article,registry:article sitemap redirect-target internal-link canonical-target served-file,true,200,/learn/how-to-lower-your-electric-bill,200,0,true,"index, follow, max-image-preview:large, max-snippet:-1, max-video-preview:-1",https://www.electricscouts.com/learn/how-to-lower-your-electric-bill,true,How to Lower Your Electric Bill: 25 Tips | Electric Scouts,58,"Twenty-five practical ways to cut household electricity use, from thermostat habits to appliance changes, with the effort each one takes.",137,1,How to Lower Your Electric Bill: 25 Proven Tips,28,2186,true,0,0,0,Organization WebSite BreadcrumbList Article,,13,56
/learn/how-to-negotiate-your-electricity-rate,article,registry:article sitemap redirect-target internal-link canonical-target served-file,true,200,/learn/how-to-negotiate-your-electricity-rate,200,0,true,"index, follow, max-image-preview:large, max-snippet:-1, max-video-preview:-1",https://www.electricscouts.com/learn/how-to-negotiate-your-electricity-rate,true,How to Negotiate Your Electricity Rate | Electric Scouts,56,"Whether electricity rates are negotiable, what leverage you actually have at renewal, and how to approach the conversation.",123,1,How to Negotiate Your Electricity Rate: Insider Tips,10,1496,true,0,0,0,Organization WebSite BreadcrumbList Article,,6,64
/learn/how-to-read-your-electricity-bill,article,registry:article sitemap redirect-target internal-link canonical-target served-file,true,200,/learn/how-to-read-your-electricity-bill,200,0,true,"index, follow, max-image-preview:large, max-snippet:-1, max-video-preview:-1",https://www.electricscouts.com/learn/how-to-read-your-electricity-bill,true,How to Read Your Electricity Bill | Electric Scouts,51,"How to read your electricity bill: what each charge is, where the fees hide, and how to work out the rate you are actually paying.",130,1,How to Read Your Electricity Bill: Find Hidden Charges and Save Money,8,1143,true,0,0,0,Organization WebSite BreadcrumbList Article,,15,51
/learn/how-to-switch-electricity-providers,article,registry:article sitemap redirect-target internal-link canonical-target served-file,true,200,/learn/how-to-switch-electricity-providers,200,0,true,"index, follow, max-image-preview:large, max-snippet:-1, max-video-preview:-1",https://www.electricscouts.com/learn/how-to-switch-electricity-providers,true,How to Switch Electricity Providers: 2026 Guide,47,"What happens when you switch electricity supplier, how long the transfer takes, and why your power never goes out during it.",124,1,How to Switch Electricity Providers: Step-by-Step Guide 2026,9,1685,true,0,0,0,Organization WebSite BreadcrumbList Article,,20,54
/learn/illinois-electricity-rates-guide,article,registry:article sitemap redirect-target internal-link canonical-target served-file,true,200,/learn/illinois-electricity-rates-guide,200,0,true,"index, follow, max-image-preview:large, max-snippet:-1, max-video-preview:-1",https://www.electricscouts.com/learn/illinois-electricity-rates-guide,true,Illinois Electricity Rates & ComEd Alternatives,47,"Compare Illinois electricity suppliers against the ComEd default rate, and see what a supplier switch does and does not change.",127,1,Illinois Electricity Rates Guide 2026: Compare Providers and Save,10,1462,true,0,0,0,Organization WebSite BreadcrumbList Article,,15,56
/learn/just-energy-review,article,registry:article sitemap redirect-target internal-link canonical-target served-file,true,200,/learn/just-energy-review,200,0,true,"index, follow, max-image-preview:large, max-snippet:-1, max-video-preview:-1",https://www.electricscouts.com/learn/just-energy-review,true,Just Energy Review: Contract Terms and Fees,43,"A look at Just Energy's plan types, contract terms and fees, and the things worth weighing up before you sign with them.",120,1,"Just Energy Review 2026: Plans, Rates, and Is It Worth It?",12,1437,true,0,0,0,Organization WebSite BreadcrumbList Article,,6,67
/learn/maine-electricity-rates-guide,article,registry:article sitemap redirect-target internal-link canonical-target served-file,true,200,/learn/maine-electricity-rates-guide,200,0,true,"index, follow, max-image-preview:large, max-snippet:-1, max-video-preview:-1",https://www.electricscouts.com/learn/maine-electricity-rates-guide,true,Maine Electricity Rates & CMP Alternatives | Electric Scouts,60,"How Maine's standard offer works, what CMP and Versant actually bill you for, and how competitive supply compares against it.",125,1,Maine Electricity Rates 2026: CMP Alternatives and Savings,10,1323,true,0,0,0,Organization WebSite BreadcrumbList Article,,9,53
/learn/maryland-electricity-rates-guide,article,registry:article sitemap redirect-target internal-link canonical-target served-file,true,200,/learn/maryland-electricity-rates-guide,200,0,true,"index, follow, max-image-preview:large, max-snippet:-1, max-video-preview:-1",https://www.electricscouts.com/learn/maryland-electricity-rates-guide,true,Maryland Electricity Rates & BGE Alternatives,45,"Compare Maryland suppliers against BGE standard offer service, and see which parts of your bill a competitive supplier can change.",130,1,Maryland Electricity Rates 2026: BGE Alternatives and Savings,11,1287,true,0,0,0,Organization WebSite BreadcrumbList Article,,8,60
/learn/massachusetts-electricity-rates-guide,article,registry:article sitemap redirect-target internal-link canonical-target served-file,true,200,/learn/massachusetts-electricity-rates-guide,200,0,true,"index, follow, max-image-preview:large, max-snippet:-1, max-video-preview:-1",https://www.electricscouts.com/learn/massachusetts-electricity-rates-guide,true,Massachusetts Electricity Rates & MA Suppliers,46,"How competitive supply works in Massachusetts, why basic service pricing resets twice a year, and what to check before switching.",129,1,Massachusetts Electricity Rates 2026: Compare MA Suppliers,12,1391,true,0,0,0,Organization WebSite BreadcrumbList Article,,9,57
/learn/month-to-month-electricity-plans,article,registry:article sitemap redirect-target internal-link canonical-target served-file,true,200,/learn/month-to-month-electricity-plans,200,0,true,"index, follow, max-image-preview:large, max-snippet:-1, max-video-preview:-1",https://www.electricscouts.com/learn/month-to-month-electricity-plans,true,Best Short-Term & Month-to-Month Plans | Electric Scouts,56,"How month-to-month electricity plans work, what they cost compared with fixed terms, and when a short contract is the right call.",129,1,Best Short-Term Electricity Plans: Month-to-Month Options 2026,12,1463,true,0,0,0,Organization WebSite BreadcrumbList Article,,6,64
/learn/moving-set-up-electricity-service,article,registry:article sitemap redirect-target internal-link canonical-target served-file,true,200,/learn/moving-set-up-electricity-service,200,0,true,"index, follow, max-image-preview:large, max-snippet:-1, max-video-preview:-1",https://www.electricscouts.com/learn/moving-set-up-electricity-service,true,Moving States? How to Set Up Electricity | Electric Scouts,58,"How to set up or transfer electricity when you move to a new state, including which markets let you pick your own supplier.",123,1,Moving to a New State? How to Set Up Electricity Service,15,1521,true,0,0,0,Organization WebSite BreadcrumbList Article,,7,65
/learn/moving-to-texas-electricity-setup,article,registry:article sitemap redirect-target internal-link canonical-target served-file,true,200,/learn/moving-to-texas-electricity-setup,200,0,true,"index, follow, max-image-preview:large, max-snippet:-1, max-video-preview:-1",https://www.electricscouts.com/learn/moving-to-texas-electricity-setup,true,Moving to Texas? Electricity Setup Guide | Electric Scouts,58,"How to set up electricity before you move to Texas: what you need to hand, how long it takes, and how to avoid a gap in service.",128,1,Moving to Texas? Your Complete Electricity Setup Guide 2026,9,1435,true,0,0,0,Organization WebSite BreadcrumbList Article,,7,57
/learn/moving-within-texas-electricity,article,registry:article sitemap redirect-target internal-link canonical-target served-file,true,200,/learn/moving-within-texas-electricity,200,0,true,"index, follow, max-image-preview:large, max-snippet:-1, max-video-preview:-1",https://www.electricscouts.com/learn/moving-within-texas-electricity,true,Moving Within Texas: Electricity Transfer | Electric Scouts,59,"Moving house inside Texas: when you can take your plan with you, when moving voids the termination fee, and the timing that stops the lights being off.",151,1,Moving Within Texas: Transfer Your Electricity Plan or Switch Providers?,10,1743,true,0,0,0,Organization WebSite BreadcrumbList Article,,10,51
/learn/nashua-nh-electricity-rates,article,registry:article sitemap redirect-target internal-link canonical-target served-file,true,200,/learn/nashua-nh-electricity-rates,200,0,true,"index, follow, max-image-preview:large, max-snippet:-1, max-video-preview:-1",https://www.electricscouts.com/learn/nashua-nh-electricity-rates,true,Nashua NH: Electricity Suppliers vs Eversource,46,"Compare Nashua electricity suppliers against Eversource default service, with local context for Hillsborough County households.",127,1,Nashua NH Electricity Rates: Complete Shopping Guide,12,1233,true,0,0,0,Organization WebSite BreadcrumbList Article,,7,55
/learn/new-hampshire-electricity-rates-guide,article,registry:article sitemap redirect-target internal-link canonical-target served-file,true,200,/learn/new-hampshire-electricity-rates-guide,200,0,true,"index, follow, max-image-preview:large, max-snippet:-1, max-video-preview:-1",https://www.electricscouts.com/learn/new-hampshire-electricity-rates-guide,true,New Hampshire Electricity Rates & NH Suppliers,46,"How New Hampshire default energy service works, when the rate resets, and how to compare competitive supplier offers against it.",128,1,New Hampshire Electricity Rates 2026: Compare NH Suppliers,14,1495,true,0,0,0,Organization WebSite BreadcrumbList Article,,13,54
/learn/new-jersey-electricity-rates-guide,article,registry:article sitemap redirect-target internal-link canonical-target served-file,true,200,/learn/new-jersey-electricity-rates-guide,200,0,true,"index, follow, max-image-preview:large, max-snippet:-1, max-video-preview:-1",https://www.electricscouts.com/learn/new-jersey-electricity-rates-guide,true,New Jersey Electricity Rates & NJ Suppliers,43,"How third-party supply works alongside PSE&G, JCP&L and Atlantic City Electric, and what to compare before you switch.",118,1,New Jersey Electricity Rates 2026: Compare NJ Suppliers,3,1432,true,0,0,0,Organization WebSite BreadcrumbList Article,,20,60
/learn/new-york-electricity-rates-esco-guide,article,registry:article sitemap redirect-target internal-link canonical-target served-file,true,200,/learn/new-york-electricity-rates-esco-guide,200,0,true,"index, follow, max-image-preview:large, max-snippet:-1, max-video-preview:-1",https://www.electricscouts.com/learn/new-york-electricity-rates-esco-guide,true,New York Electricity Rates & ESCO Guide | Electric Scouts,57,"What an ESCO is, how New York supply charges appear on your bill, and what to check before switching away from utility default supply.",134,1,New York Electricity Rates 2026: ESCO Guide for NY Consumers,12,1408,true,0,0,0,Organization WebSite BreadcrumbList Article,,9,60
/learn/no-deposit-electricity-plans,article,registry:article sitemap redirect-target internal-link canonical-target served-file,true,200,/learn/no-deposit-electricity-plans,200,0,true,"index, follow, max-image-preview:large, max-snippet:-1, max-video-preview:-1",https://www.electricscouts.com/learn/no-deposit-electricity-plans,true,No Deposit Electricity Plans | Electric Scouts,46,Get electricity without a deposit or credit check. Our guide explains how no deposit electricity plans work and helps you find the best providers.,146,1,No Deposit Electricity Plans: Complete Guide to Getting Power Without a Deposit,9,1623,true,0,0,0,Organization WebSite BreadcrumbList Article,,14,53
/learn/octopus-energy-review,article,registry:article sitemap redirect-target internal-link canonical-target served-file,true,200,/learn/octopus-energy-review,200,0,true,"index, follow, max-image-preview:large, max-snippet:-1, max-video-preview:-1",https://www.electricscouts.com/learn/octopus-energy-review,true,Octopus Energy Review: Customer Experience | Electric Scouts,60,"A look at Octopus Energy's plan structure, contract terms and customer experience, and how it compares with other retail suppliers.",131,1,"Octopus Energy Review 2026: Plans, Rates, and Customer Experience",12,1591,true,0,0,0,Organization WebSite BreadcrumbList Article,,7,54
/learn/office-building-electricity-rates,article,registry:article sitemap redirect-target internal-link canonical-target served-file,true,200,/learn/office-building-electricity-rates,200,0,true,"index, follow, max-image-preview:large, max-snippet:-1, max-video-preview:-1",https://www.electricscouts.com/learn/office-building-electricity-rates,true,Office Building Electricity Costs | Electric Scouts,51,"How commercial electricity is billed for office buildings, what drives demand charges, and how to compare supplier quotes.",122,1,Office Building Electricity: Commercial Rate Comparison Guide,11,1286,true,0,0,0,Organization WebSite BreadcrumbList Article,,7,65
/learn/ohio-electricity-rates-guide,article,registry:article sitemap redirect-target internal-link canonical-target served-file,true,200,/learn/ohio-electricity-rates-guide,200,0,true,"index, follow, max-image-preview:large, max-snippet:-1, max-video-preview:-1",https://www.electricscouts.com/learn/ohio-electricity-rates-guide,true,Ohio Electricity Rates & Supplier Guide | Electric Scouts,57,"How Ohio's Energy Choice program works, how to read your utility's Price to Compare, and what to check before signing with a supplier.",134,1,Ohio Electricity Rates Guide 2026: Your Complete Shopping Guide,13,1344,true,0,0,0,Organization WebSite BreadcrumbList Article,,9,62
/learn/peco-alternatives-philadelphia,article,registry:article sitemap redirect-target internal-link canonical-target served-file,true,200,/learn/peco-alternatives-philadelphia,200,0,true,"index, follow, max-image-preview:large, max-snippet:-1, max-video-preview:-1",https://www.electricscouts.com/learn/peco-alternatives-philadelphia,true,Philadelphia Electricity Rates & PECO Options,45,"Compare Philadelphia suppliers against PECO's Price to Compare, and see which bill charges a competitive supplier can actually change.",134,1,Philadelphia Electricity Rates 2026: PECO Alternatives Guide,15,1416,true,0,0,0,Organization WebSite BreadcrumbList Article,,6,52
/learn/pennsylvania-electricity-rates-guide,article,registry:article sitemap redirect-target internal-link canonical-target served-file,true,200,/learn/pennsylvania-electricity-rates-guide,200,0,true,"index, follow, max-image-preview:large, max-snippet:-1, max-video-preview:-1",https://www.electricscouts.com/learn/pennsylvania-electricity-rates-guide,true,Pennsylvania Electricity Rates & PA Suppliers,45,"How Pennsylvania's competitive market works, what the Price to Compare means, and how to weigh supplier offers against your default rate.",137,1,Pennsylvania Electricity Rates 2026: Compare PA Suppliers and Save,12,1438,true,0,0,0,Organization WebSite BreadcrumbList Article,,9,57
/learn/power-to-choose-texas,article,registry:article sitemap redirect-target internal-link canonical-target served-file,true,200,/learn/power-to-choose-texas,200,0,true,"index, follow, max-image-preview:large, max-snippet:-1, max-video-preview:-1",https://www.electricscouts.com/learn/power-to-choose-texas,true,Power to Choose Texas: How It Works | Electric Scouts,53,"Power to Choose is the state-run Texas plan list. How it ranks offers, why the cheapest row is often not the cheapest plan, and what it does not show.",150,1,Power to Choose Texas: How the State's Site Works and What It Leaves Out,10,1714,true,0,0,0,Organization WebSite BreadcrumbList Article,,6,48
/learn/ppa-vs-buying-solar,article,registry:article sitemap redirect-target internal-link canonical-target served-file,true,200,/learn/ppa-vs-buying-solar,200,0,true,"index, follow, max-image-preview:large, max-snippet:-1, max-video-preview:-1",https://www.electricscouts.com/learn/ppa-vs-buying-solar,true,Solar PPA vs Buying Solar Panels | Electric Scouts,50,"How a solar power purchase agreement differs from buying panels outright, and which option suits different budgets and timelines.",129,1,Power Purchase Agreement (PPA) vs Buying Solar: Which Is Better?,12,1526,true,0,0,0,Organization WebSite BreadcrumbList Article,,8,54
/learn/prepaid-electricity-plans,article,registry:article sitemap redirect-target internal-link canonical-target served-file,true,200,/learn/prepaid-electricity-plans,200,0,true,"index, follow, max-image-preview:large, max-snippet:-1, max-video-preview:-1",https://www.electricscouts.com/learn/prepaid-electricity-plans,true,Best Prepaid Electricity Plans | Electric Scouts,48,"How prepaid electricity works, who it suits, and what to check on deposits, daily fees and disconnection rules before signing up.",129,1,Best Prepaid Electricity Plans 2026: No Credit Check Options,15,1464,true,0,0,0,Organization WebSite BreadcrumbList Article,,6,66
/learn/restaurant-electricity-costs,article,registry:article sitemap redirect-target internal-link canonical-target served-file,true,200,/learn/restaurant-electricity-costs,200,0,true,"index, follow, max-image-preview:large, max-snippet:-1, max-video-preview:-1",https://www.electricscouts.com/learn/restaurant-electricity-costs,true,Restaurant Electricity Costs Explained | Electric Scouts,56,"Where restaurant electricity costs concentrate, from refrigeration to HVAC, and which changes reduce the bill by the most.",122,1,Restaurant Electricity Costs: How to Cut Your Energy Bill,10,1318,true,0,0,0,Organization WebSite BreadcrumbList Article,,5,55
/learn/rhode-island-electricity-rates-guide,article,registry:article sitemap redirect-target internal-link canonical-target served-file,true,200,/learn/rhode-island-electricity-rates-guide,200,0,true,"index, follow, max-image-preview:large, max-snippet:-1, max-video-preview:-1",https://www.electricscouts.com/learn/rhode-island-electricity-rates-guide,true,Rhode Island Electricity Rates & RI Suppliers,45,"How Rhode Island last resort service is priced, when it changes, and what to compare before choosing a competitive supplier.",124,1,Rhode Island Electricity Rates 2026: Compare RI Suppliers,10,1433,true,0,0,0,Organization WebSite BreadcrumbList Article,,8,54
/learn/rhythm-energy-review,article,registry:article sitemap redirect-target internal-link canonical-target served-file,true,200,/learn/rhythm-energy-review,200,0,true,"index, follow, max-image-preview:large, max-snippet:-1, max-video-preview:-1",https://www.electricscouts.com/learn/rhythm-energy-review,true,Rhythm Energy Review: Texas Plans & Rates | Electric Scouts,59,"A look at Rhythm Energy's Texas plan types, contract terms and renewable options, and how it compares with other retail suppliers.",130,1,Rhythm Energy Review 2026: Texas Plans and Customer Reviews,11,1454,true,0,0,0,Organization WebSite BreadcrumbList Article,,6,55
/learn/small-business-electricity-rates,article,registry:article sitemap redirect-target internal-link canonical-target served-file,true,200,/learn/small-business-electricity-rates,200,0,true,"index, follow, max-image-preview:large, max-snippet:-1, max-video-preview:-1",https://www.electricscouts.com/learn/small-business-electricity-rates,true,Small Business Electricity Rates | Electric Scouts,50,"How small business electricity is priced, why quotes vary by load profile, and what to prepare before requesting supplier quotes.",129,1,Small Business Electricity Rates: How to Cut Costs,9,1252,true,0,0,0,Organization WebSite BreadcrumbList Article,,6,61
/learn/smart-thermostat-savings,article,registry:article sitemap redirect-target internal-link canonical-target served-file,true,200,/learn/smart-thermostat-savings,200,0,true,"index, follow, max-image-preview:large, max-snippet:-1, max-video-preview:-1",https://www.electricscouts.com/learn/smart-thermostat-savings,true,Smart Thermostat Savings Explained | Electric Scouts,52,"What smart thermostats actually change about heating and cooling costs, and the conditions under which the hardware pays for itself.",132,1,Smart Thermostat Savings: How Much Can You Really Save?,13,1316,true,0,0,0,Organization WebSite BreadcrumbList Article,,5,54
/learn/solar-vs-traditional-electricity-cost,article,registry:article sitemap redirect-target internal-link canonical-target served-file,true,200,/learn/solar-vs-traditional-electricity-cost,200,0,true,"index, follow, max-image-preview:large, max-snippet:-1, max-video-preview:-1",https://www.electricscouts.com/learn/solar-vs-traditional-electricity-cost,true,Solar vs Electricity Cost: 2026 Comparison | Electric Scouts,60,"Is solar energy cheaper than traditional electricity? Our 2026 cost comparison breaks down solar panel savings, long-term value, and helps you decide.",150,1,Solar Energy vs Traditional Electricity: Complete Cost Comparison 2026,9,722,true,0,0,0,Organization WebSite BreadcrumbList Article,,10,52
/learn/summer-electricity-bills,article,registry:article sitemap redirect-target internal-link canonical-target served-file,true,200,/learn/summer-electricity-bills,200,0,true,"index, follow, max-image-preview:large, max-snippet:-1, max-video-preview:-1",https://www.electricscouts.com/learn/summer-electricity-bills,true,How to Lower Your Summer Electricity Bill | Electric Scouts,59,"Why summer bills spike, which changes actually reduce cooling load, and how plan choice affects what you pay in the peak months.",128,1,Summer Electricity Bills: How to Keep Costs Down in 2026,10,1099,true,0,0,0,Organization WebSite BreadcrumbList Article,,4,66
/learn/texas-bill-credit-electricity-plans,article,registry:article sitemap redirect-target internal-link canonical-target served-file,true,200,/learn/texas-bill-credit-electricity-plans,200,0,true,"index, follow, max-image-preview:large, max-snippet:-1, max-video-preview:-1",https://www.electricscouts.com/learn/texas-bill-credit-electricity-plans,true,Texas Bill Credit Electricity Plans | Electric Scouts,53,Bill credit plans hand back a fixed sum if you cross a usage threshold. Why they look cheap on paper and what happens in the months you fall short.,147,1,Texas Bill Credit Electricity Plans: How Usage Thresholds Work,10,1739,true,0,0,0,Organization WebSite BreadcrumbList Article,,7,49
/learn/texas-cities-without-electricity-choice,article,registry:article sitemap redirect-target internal-link canonical-target served-file,true,200,/learn/texas-cities-without-electricity-choice,200,0,true,"index, follow, max-image-preview:large, max-snippet:-1, max-video-preview:-1",https://www.electricscouts.com/learn/texas-cities-without-electricity-choice,true,Texas Cities Without Electricity Choice | Electric Scouts,57,"Austin, San Antonio, El Paso and much of rural Texas sit outside retail choice. Which parts of the state cannot switch electricity providers, and why.",150,1,Texas Cities Where You Cannot Choose Your Electricity Provider,10,1743,true,0,0,0,Organization WebSite BreadcrumbList Article,,9,50
/learn/texas-commercial-electricity-rates,article,registry:article sitemap redirect-target internal-link canonical-target served-file,true,200,/learn/texas-commercial-electricity-rates,200,0,true,"index, follow, max-image-preview:large, max-snippet:-1, max-video-preview:-1",https://www.electricscouts.com/learn/texas-commercial-electricity-rates,true,Texas Commercial Electricity Rates & 4CP | Electric Scouts,58,"How Texas business electricity is priced: demand charges, load factor, 4CP transmission cost allocation, and why a commercial rate is quoted not listed.",152,1,"Texas Commercial Electricity Rates: Contracts, Demand Charges and 4CP",10,1744,true,0,0,0,Organization WebSite BreadcrumbList Article,,9,51
/learn/texas-electricity-early-termination-fee,article,registry:article sitemap redirect-target internal-link canonical-target served-file,true,200,/learn/texas-electricity-early-termination-fee,200,0,true,"index, follow, max-image-preview:large, max-snippet:-1, max-video-preview:-1",https://www.electricscouts.com/learn/texas-electricity-early-termination-fee,true,Texas Electricity Early Termination Fees | Electric Scouts,58,"What an early termination fee is on a Texas plan, the moving exemption, the end-of-contract switching window, and how to leave without paying one.",146,1,Texas Electricity Early Termination Fees: When You Pay and When You Do Not,11,1705,true,0,0,0,Organization WebSite BreadcrumbList Article,,6,48
/learn/texas-electricity-facts-label,article,registry:article sitemap redirect-target internal-link canonical-target served-file,true,200,/learn/texas-electricity-facts-label,200,0,true,"index, follow, max-image-preview:large, max-snippet:-1, max-video-preview:-1",https://www.electricscouts.com/learn/texas-electricity-facts-label,true,Texas Electricity Facts Label (EFL) Guide | Electric Scouts,59,"Texas retailers must publish an Electricity Facts Label for every plan. How to read the three usage prices, the fees behind them, and the contract term.",152,1,How to Read a Texas Electricity Facts Label (EFL),11,1741,true,0,0,0,Organization WebSite BreadcrumbList Article,,9,51
/learn/texas-electricity-rates-guide,article,registry:article sitemap redirect-target internal-link canonical-target served-file,true,200,/learn/texas-electricity-rates-guide,200,0,true,"index, follow, max-image-preview:large, max-snippet:-1, max-video-preview:-1",https://www.electricscouts.com/learn/texas-electricity-rates-guide,true,Texas Electricity Rates Guide | Electric Scouts,47,"How the Texas retail electricity market works, how to read an EFL, and how to compare Texas plans without getting caught by teaser rates.",137,1,Texas Electricity Rates Guide 2026: Everything You Need to Know,14,1384,true,0,0,0,Organization WebSite BreadcrumbList Article,,8,55
/learn/texas-low-usage-electricity-plans,article,registry:article sitemap redirect-target internal-link canonical-target served-file,true,200,/learn/texas-low-usage-electricity-plans,200,0,true,"index, follow, max-image-preview:large, max-snippet:-1, max-video-preview:-1",https://www.electricscouts.com/learn/texas-low-usage-electricity-plans,true,Low-Usage Electricity Plans in Texas | Electric Scouts,54,"Texas plans are advertised at 1,000 kWh. Use less and that rate is not your rate. How base charges, bill credits and the 500 kWh EFL row decide your bill.",154,1,Texas Electricity Plans for Low-Usage Homes: Read the 500 kWh Row,10,1755,true,0,0,0,Organization WebSite BreadcrumbList Article,,8,51
/learn/texas-renewable-electricity-plans,article,registry:article sitemap redirect-target internal-link canonical-target served-file,true,200,/learn/texas-renewable-electricity-plans,200,0,true,"index, follow, max-image-preview:large, max-snippet:-1, max-video-preview:-1",https://www.electricscouts.com/learn/texas-renewable-electricity-plans,true,100% Renewable Electricity Plans in Texas | Electric Scouts,59,"What a 100% renewable Texas electricity plan actually buys, how RECs are retired and certified, and why green plans are not automatically priced higher.",152,1,100% Renewable Electricity Plans in Texas: What a Green Plan Actually Buys,11,1711,true,0,0,0,Organization WebSite BreadcrumbList Article,,3,48
/learn/texas-tdu-delivery-charges,article,registry:article sitemap redirect-target internal-link canonical-target served-file,true,200,/learn/texas-tdu-delivery-charges,200,0,true,"index, follow, max-image-preview:large, max-snippet:-1, max-video-preview:-1",https://www.electricscouts.com/learn/texas-tdu-delivery-charges,true,Texas TDU Delivery Charges Explained | Electric Scouts,54,"Oncor, CenterPoint, AEP Texas and TNMP each charge to deliver your power. Why one Texas plan bills differently by city, and what no retailer can change.",152,1,Texas TDU Delivery Charges: Why the Same Plan Bills Differently by City,10,1705,true,0,0,0,Organization WebSite BreadcrumbList Article,,4,48
/learn/time-of-use-electricity-plans,article,registry:article sitemap redirect-target internal-link canonical-target served-file,true,200,/learn/time-of-use-electricity-plans,200,0,true,"index, follow, max-image-preview:large, max-snippet:-1, max-video-preview:-1",https://www.electricscouts.com/learn/time-of-use-electricity-plans,true,Are Time-of-Use Electricity Plans Worth It?,43,"How time-of-use pricing works, who benefits from shifting usage off-peak, and when a flat rate is the safer choice.",115,1,Time-of-Use Electricity Plans: Are They Worth It?,12,1407,true,0,0,0,Organization WebSite BreadcrumbList Article,,5,62
/learn/txu-vs-reliant-which-is-better,article,registry:article sitemap redirect-target internal-link canonical-target served-file,true,200,/learn/txu-vs-reliant-which-is-better,200,0,true,"index, follow, max-image-preview:large, max-snippet:-1, max-video-preview:-1",https://www.electricscouts.com/learn/txu-vs-reliant-which-is-better,true,TXU vs Reliant: Which Texas Provider Wins? | Electric Scouts,60,"Compare TXU Energy and Reliant Energy on plan types, contract terms and fees, and work out which one suits your household usage.",128,1,TXU Energy vs Reliant Energy 2026: Which Texas Provider is Better?,14,1348,true,0,0,0,Organization WebSite BreadcrumbList Article,,9,56
/learn/warwick-ri-electricity-rates,article,registry:article sitemap redirect-target internal-link canonical-target served-file,true,200,/learn/warwick-ri-electricity-rates,200,0,true,"index, follow, max-image-preview:large, max-snippet:-1, max-video-preview:-1",https://www.electricscouts.com/learn/warwick-ri-electricity-rates,true,Warwick RI: Suppliers vs Rhode Island Energy,44,"Compare Warwick electricity suppliers against Rhode Island Energy last resort service, with local context for Kent County.",122,1,Warwick RI Electricity Rates: Kent County Guide,13,1784,true,0,0,0,Organization WebSite BreadcrumbList Article,,7,57
/learn/what-is-a-kwh,article,registry:article sitemap redirect-target internal-link canonical-target served-file,true,200,/learn/what-is-a-kwh,200,0,true,"index, follow, max-image-preview:large, max-snippet:-1, max-video-preview:-1",https://www.electricscouts.com/learn/what-is-a-kwh,true,What Is a kWh? Kilowatt Hour Explained | Electric Scouts,56,"What a kilowatt hour measures, how it turns into the number on your bill, and how to sanity-check your own household usage.",123,1,What Is a kWh? Understanding Your Electricity Usage,11,1311,true,0,0,0,Organization WebSite BreadcrumbList Article,,5,54
/learn/why-texas-electric-bill-so-high,article,registry:article sitemap redirect-target internal-link canonical-target served-file,true,200,/learn/why-texas-electric-bill-so-high,200,0,true,"index, follow, max-image-preview:large, max-snippet:-1, max-video-preview:-1",https://www.electricscouts.com/learn/why-texas-electric-bill-so-high,true,Why Is My Texas Electric Bill So High? | Electric Scouts,56,"Your Texas electric bill jumped. Work through it in order: usage, an expired contract, variable pricing, bill credit thresholds and delivery charges.",149,1,Why Is My Texas Electric Bill So High? Diagnose It in Order,11,1705,true,0,0,0,Organization WebSite BreadcrumbList Article,,4,48
/learn/winter-heating-costs-electric-vs-gas,article,registry:article sitemap redirect-target internal-link canonical-target served-file,true,200,/learn/winter-heating-costs-electric-vs-gas,200,0,true,"index, follow, max-image-preview:large, max-snippet:-1, max-video-preview:-1",https://www.electricscouts.com/learn/winter-heating-costs-electric-vs-gas,true,Winter Heating Costs: Electric vs Gas vs Heat Pump,50,"Compare winter heating costs across electric resistance, natural gas and heat pumps, and see which is cheapest to run where you live.",133,1,Winter Heating Costs 2026: Electric Heat vs Gas vs Heat Pump,11,1592,true,0,0,0,Organization WebSite BreadcrumbList Article,,8,59
/learning-center,static,registry:static sitemap redirect-target internal-link canonical-target served-file,true,200,/learning-center,200,0,true,"index, follow, max-image-preview:large, max-snippet:-1, max-video-preview:-1",https://www.electricscouts.com/learning-center,true,Electricity Guides and Tips | Electric Scouts,45,"Practical guides on how electricity markets work, how to read a bill and what to check before signing a contract — written for people switching supplier.",153,1,Learning Center: Electricity Guides and Tips,2,822,true,0,0,0,Organization WebSite BreadcrumbList,,345,120
/learningcenter,redirect,redirect-source,false,301,/learning-center,200,1,false,"index, follow, max-image-preview:large, max-snippet:-1, max-video-preview:-1",https://www.electricscouts.com/learning-center,false,Electricity Guides and Tips | Electric Scouts,45,"Practical guides on how electricity markets work, how to read a bill and what to check before signing a contract — written for people switching supplier.",153,1,Learning Center: Electricity Guides and Tips,2,822,true,0,0,0,Organization WebSite BreadcrumbList,,0,0
/LearningCenter,redirect,redirect-source,false,301,/learning-center,200,1,false,"index, follow, max-image-preview:large, max-snippet:-1, max-video-preview:-1",https://www.electricscouts.com/learning-center,false,Electricity Guides and Tips | Electric Scouts,45,"Practical guides on how electricity markets work, how to read a bill and what to check before signing a contract — written for people switching supplier.",153,1,Learning Center: Electricity Guides and Tips,2,822,true,0,0,0,Organization WebSite BreadcrumbList,,0,0
/maine-electricity,state,registry:state sitemap redirect-target internal-link canonical-target served-file,true,200,/maine-electricity,200,0,true,"index, follow, max-image-preview:large, max-snippet:-1, max-video-preview:-1",https://www.electricscouts.com/maine-electricity,true,Maine Electricity Rates & Providers | Electric Scouts,53,"Compare 20 Maine electricity plans from 11 suppliers, 9.4¢/kWh–16.49¢/kWh. Rates by city, renewable options and how switching works.",132,1,Maine Electricity Rates and Providers,10,643,true,0,0,0,Organization WebSite BreadcrumbList FAQPage,,345,68
/maineelectricity,redirect,redirect-source,false,301,/maine-electricity,200,1,false,"index, follow, max-image-preview:large, max-snippet:-1, max-video-preview:-1",https://www.electricscouts.com/maine-electricity,false,Maine Electricity Rates & Providers | Electric Scouts,53,"Compare 20 Maine electricity plans from 11 suppliers, 9.4¢/kWh–16.49¢/kWh. Rates by city, renewable options and how switching works.",132,1,Maine Electricity Rates and Providers,10,643,true,0,0,0,Organization WebSite BreadcrumbList FAQPage,,0,0
/MaineElectricity,redirect,redirect-source,false,301,/maine-electricity,200,1,false,"index, follow, max-image-preview:large, max-snippet:-1, max-video-preview:-1",https://www.electricscouts.com/maine-electricity,false,Maine Electricity Rates & Providers | Electric Scouts,53,"Compare 20 Maine electricity plans from 11 suppliers, 9.4¢/kWh–16.49¢/kWh. Rates by city, renewable options and how switching works.",132,1,Maine Electricity Rates and Providers,10,643,true,0,0,0,Organization WebSite BreadcrumbList FAQPage,,0,0
/maryland-electricity,state,registry:state sitemap redirect-target internal-link canonical-target served-file,true,200,/maryland-electricity,200,0,true,"index, follow, max-image-preview:large, max-snippet:-1, max-video-preview:-1",https://www.electricscouts.com/maryland-electricity,true,Maryland Electricity Rates & Providers | Electric Scouts,56,"Compare 26 Maryland electricity plans from 17 suppliers, 8.4¢/kWh–13.49¢/kWh. Rates by city, renewable options and how switching works.",135,1,Maryland Electricity Rates and Providers,10,722,true,0,0,0,Organization WebSite BreadcrumbList FAQPage,,345,86
/marylandelectricity,redirect,redirect-source,false,301,/maryland-electricity,200,1,false,"index, follow, max-image-preview:large, max-snippet:-1, max-video-preview:-1",https://www.electricscouts.com/maryland-electricity,false,Maryland Electricity Rates & Providers | Electric Scouts,56,"Compare 26 Maryland electricity plans from 17 suppliers, 8.4¢/kWh–13.49¢/kWh. Rates by city, renewable options and how switching works.",135,1,Maryland Electricity Rates and Providers,10,722,true,0,0,0,Organization WebSite BreadcrumbList FAQPage,,0,0
/MarylandElectricity,redirect,redirect-source,false,301,/maryland-electricity,200,1,false,"index, follow, max-image-preview:large, max-snippet:-1, max-video-preview:-1",https://www.electricscouts.com/maryland-electricity,false,Maryland Electricity Rates & Providers | Electric Scouts,56,"Compare 26 Maryland electricity plans from 17 suppliers, 8.4¢/kWh–13.49¢/kWh. Rates by city, renewable options and how switching works.",135,1,Maryland Electricity Rates and Providers,10,722,true,0,0,0,Organization WebSite BreadcrumbList FAQPage,,0,0
/massachusetts-electricity,state,registry:state sitemap redirect-target internal-link canonical-target served-file,true,200,/massachusetts-electricity,200,0,true,"index, follow, max-image-preview:large, max-snippet:-1, max-video-preview:-1",https://www.electricscouts.com/massachusetts-electricity,true,Massachusetts Electricity Rates & Providers,43,"Compare 23 Massachusetts electricity plans from 15 suppliers, 10.5¢/kWh–16.49¢/kWh. Rates by city, renewable options and how switching works.",141,1,Massachusetts Electricity Rates and Providers,10,722,true,0,0,0,Organization WebSite BreadcrumbList FAQPage,,345,84
/massachusettselectricity,redirect,redirect-source,false,301,/massachusetts-electricity,200,1,false,"index, follow, max-image-preview:large, max-snippet:-1, max-video-preview:-1",https://www.electricscouts.com/massachusetts-electricity,false,Massachusetts Electricity Rates & Providers,43,"Compare 23 Massachusetts electricity plans from 15 suppliers, 10.5¢/kWh–16.49¢/kWh. Rates by city, renewable options and how switching works.",141,1,Massachusetts Electricity Rates and Providers,10,722,true,0,0,0,Organization WebSite BreadcrumbList FAQPage,,0,0
/MassachusettsElectricity,redirect,redirect-source,false,301,/massachusetts-electricity,200,1,false,"index, follow, max-image-preview:large, max-snippet:-1, max-video-preview:-1",https://www.electricscouts.com/massachusetts-electricity,false,Massachusetts Electricity Rates & Providers,43,"Compare 23 Massachusetts electricity plans from 15 suppliers, 10.5¢/kWh–16.49¢/kWh. Rates by city, renewable options and how switching works.",141,1,Massachusetts Electricity Rates and Providers,10,722,true,0,0,0,Organization WebSite BreadcrumbList FAQPage,,0,0
/new-hampshire-electricity,state,registry:state sitemap redirect-target internal-link canonical-target served-file,true,200,/new-hampshire-electricity,200,0,true,"index, follow, max-image-preview:large, max-snippet:-1, max-video-preview:-1",https://www.electricscouts.com/new-hampshire-electricity,true,New Hampshire Electricity Rates & Providers,43,"Compare 21 New Hampshire electricity plans from 11 suppliers, 9.3¢/kWh–14.49¢/kWh. Rates by city, renewable options and how switching works.",140,1,New Hampshire Electricity Rates and Providers,10,691,true,0,0,0,Organization WebSite BreadcrumbList FAQPage,,345,72
/new-jersey-electricity,state,registry:state sitemap redirect-target internal-link canonical-target served-file,true,200,/new-jersey-electricity,200,0,true,"index, follow, max-image-preview:large, max-snippet:-1, max-video-preview:-1",https://www.electricscouts.com/new-jersey-electricity,true,New Jersey Electricity Rates & Providers | Electric Scouts,58,"Compare 28 New Jersey electricity plans from 18 suppliers, 7.9¢/kWh–13.99¢/kWh. Rates by city, renewable options and how switching works.",137,1,New Jersey Electricity Rates and Providers,10,769,true,0,0,0,Organization WebSite BreadcrumbList FAQPage,,345,88
/new-york-electricity,state,registry:state sitemap redirect-target internal-link canonical-target served-file,true,200,/new-york-electricity,200,0,true,"index, follow, max-image-preview:large, max-snippet:-1, max-video-preview:-1",https://www.electricscouts.com/new-york-electricity,true,New York Electricity Rates & Providers | Electric Scouts,56,"Compare 27 New York electricity plans from 17 suppliers, 8.5¢/kWh–12.99¢/kWh. Rates by city, renewable options and how switching works.",135,1,New York Electricity Rates and Providers,10,741,true,0,0,0,Organization WebSite BreadcrumbList FAQPage,,345,89
/newhampshireelectricity,redirect,redirect-source,false,301,/new-hampshire-electricity,200,1,false,"index, follow, max-image-preview:large, max-snippet:-1, max-video-preview:-1",https://www.electricscouts.com/new-hampshire-electricity,false,New Hampshire Electricity Rates & Providers,43,"Compare 21 New Hampshire electricity plans from 11 suppliers, 9.3¢/kWh–14.49¢/kWh. Rates by city, renewable options and how switching works.",140,1,New Hampshire Electricity Rates and Providers,10,691,true,0,0,0,Organization WebSite BreadcrumbList FAQPage,,0,0
/NewHampshireElectricity,redirect,redirect-source,false,301,/new-hampshire-electricity,200,1,false,"index, follow, max-image-preview:large, max-snippet:-1, max-video-preview:-1",https://www.electricscouts.com/new-hampshire-electricity,false,New Hampshire Electricity Rates & Providers,43,"Compare 21 New Hampshire electricity plans from 11 suppliers, 9.3¢/kWh–14.49¢/kWh. Rates by city, renewable options and how switching works.",140,1,New Hampshire Electricity Rates and Providers,10,691,true,0,0,0,Organization WebSite BreadcrumbList FAQPage,,0,0
/newjerseyelectricity,redirect,redirect-source,false,301,/new-jersey-electricity,200,1,false,"index, follow, max-image-preview:large, max-snippet:-1, max-video-preview:-1",https://www.electricscouts.com/new-jersey-electricity,false,New Jersey Electricity Rates & Providers | Electric Scouts,58,"Compare 28 New Jersey electricity plans from 18 suppliers, 7.9¢/kWh–13.99¢/kWh. Rates by city, renewable options and how switching works.",137,1,New Jersey Electricity Rates and Providers,10,769,true,0,0,0,Organization WebSite BreadcrumbList FAQPage,,0,0
/NewJerseyElectricity,redirect,redirect-source,false,301,/new-jersey-electricity,200,1,false,"index, follow, max-image-preview:large, max-snippet:-1, max-video-preview:-1",https://www.electricscouts.com/new-jersey-electricity,false,New Jersey Electricity Rates & Providers | Electric Scouts,58,"Compare 28 New Jersey electricity plans from 18 suppliers, 7.9¢/kWh–13.99¢/kWh. Rates by city, renewable options and how switching works.",137,1,New Jersey Electricity Rates and Providers,10,769,true,0,0,0,Organization WebSite BreadcrumbList FAQPage,,0,0
/newyorkelectricity,redirect,redirect-source,false,301,/new-york-electricity,200,1,false,"index, follow, max-image-preview:large, max-snippet:-1, max-video-preview:-1",https://www.electricscouts.com/new-york-electricity,false,New York Electricity Rates & Providers | Electric Scouts,56,"Compare 27 New York electricity plans from 17 suppliers, 8.5¢/kWh–12.99¢/kWh. Rates by city, renewable options and how switching works.",135,1,New York Electricity Rates and Providers,10,741,true,0,0,0,Organization WebSite BreadcrumbList FAQPage,,0,0
/NewYorkElectricity,redirect,redirect-source,false,301,/new-york-electricity,200,1,false,"index, follow, max-image-preview:large, max-snippet:-1, max-video-preview:-1",https://www.electricscouts.com/new-york-electricity,false,New York Electricity Rates & Providers | Electric Scouts,56,"Compare 27 New York electricity plans from 17 suppliers, 8.5¢/kWh–12.99¢/kWh. Rates by city, renewable options and how switching works.",135,1,New York Electricity Rates and Providers,10,741,true,0,0,0,Organization WebSite BreadcrumbList FAQPage,,0,0
/not-found,noindex,registry:noindex redirect-target canonical-target served-file,false,200,/not-found,200,0,false,"noindex, follow",https://www.electricscouts.com/not-found,true,Page Not Found | Electric Scouts,32,,0,1,Page Not Found | Electric Scouts,0,6,true,0,0,0,Organization WebSite BreadcrumbList,,0,32
/notfound,redirect,redirect-source,false,301,/not-found,200,1,false,"noindex, follow",https://www.electricscouts.com/not-found,false,Page Not Found | Electric Scouts,32,,0,1,Page Not Found | Electric Scouts,0,6,true,0,0,0,Organization WebSite BreadcrumbList,,0,0
/NotFound,redirect,redirect-source,false,301,/not-found,200,1,false,"noindex, follow",https://www.electricscouts.com/not-found,false,Page Not Found | Electric Scouts,32,,0,1,Page Not Found | Electric Scouts,0,6,true,0,0,0,Organization WebSite BreadcrumbList,,0,0
/ohio-electricity,state,registry:state sitemap redirect-target internal-link canonical-target served-file,true,200,/ohio-electricity,200,0,true,"index, follow, max-image-preview:large, max-snippet:-1, max-video-preview:-1",https://www.electricscouts.com/ohio-electricity,true,Ohio Electricity Rates & Providers | Electric Scouts,52,"Compare 27 Ohio electricity plans from 13 suppliers, 6.2¢/kWh–9.5¢/kWh. Rates by city, renewable options and how switching works.",129,1,Ohio Electricity Rates and Providers,10,713,true,0,0,0,Organization WebSite BreadcrumbList FAQPage,,345,84
/ohioelectricity,redirect,redirect-source,false,301,/ohio-electricity,200,1,false,"index, follow, max-image-preview:large, max-snippet:-1, max-video-preview:-1",https://www.electricscouts.com/ohio-electricity,false,Ohio Electricity Rates & Providers | Electric Scouts,52,"Compare 27 Ohio electricity plans from 13 suppliers, 6.2¢/kWh–9.5¢/kWh. Rates by city, renewable options and how switching works.",129,1,Ohio Electricity Rates and Providers,10,713,true,0,0,0,Organization WebSite BreadcrumbList FAQPage,,0,0
/OhioElectricity,redirect,redirect-source,false,301,/ohio-electricity,200,1,false,"index, follow, max-image-preview:large, max-snippet:-1, max-video-preview:-1",https://www.electricscouts.com/ohio-electricity,false,Ohio Electricity Rates & Providers | Electric Scouts,52,"Compare 27 Ohio electricity plans from 13 suppliers, 6.2¢/kWh–9.5¢/kWh. Rates by city, renewable options and how switching works.",129,1,Ohio Electricity Rates and Providers,10,713,true,0,0,0,Organization WebSite BreadcrumbList FAQPage,,0,0
/pennsylvania-electricity,state,registry:state sitemap redirect-target internal-link canonical-target served-file,true,200,/pennsylvania-electricity,200,0,true,"index, follow, max-image-preview:large, max-snippet:-1, max-video-preview:-1",https://www.electricscouts.com/pennsylvania-electricity,true,Pennsylvania Electricity Rates & Providers | Electric Scouts,60,"Compare 28 Pennsylvania electricity plans from 15 suppliers, 7.5¢/kWh–10.99¢/kWh. Rates by city, renewable options and how switching works.",139,1,Pennsylvania Electricity Rates and Providers,10,733,true,0,0,0,Organization WebSite BreadcrumbList FAQPage,,345,87
/pennsylvaniaelectricity,redirect,redirect-source,false,301,/pennsylvania-electricity,200,1,false,"index, follow, max-image-preview:large, max-snippet:-1, max-video-preview:-1",https://www.electricscouts.com/pennsylvania-electricity,false,Pennsylvania Electricity Rates & Providers | Electric Scouts,60,"Compare 28 Pennsylvania electricity plans from 15 suppliers, 7.5¢/kWh–10.99¢/kWh. Rates by city, renewable options and how switching works.",139,1,Pennsylvania Electricity Rates and Providers,10,733,true,0,0,0,Organization WebSite BreadcrumbList FAQPage,,0,0
/PennsylvaniaElectricity,redirect,redirect-source,false,301,/pennsylvania-electricity,200,1,false,"index, follow, max-image-preview:large, max-snippet:-1, max-video-preview:-1",https://www.electricscouts.com/pennsylvania-electricity,false,Pennsylvania Electricity Rates & Providers | Electric Scouts,60,"Compare 28 Pennsylvania electricity plans from 15 suppliers, 7.5¢/kWh–10.99¢/kWh. Rates by city, renewable options and how switching works.",139,1,Pennsylvania Electricity Rates and Providers,10,733,true,0,0,0,Organization WebSite BreadcrumbList FAQPage,,0,0
/privacy-policy,static,registry:static sitemap redirect-target internal-link canonical-target served-file,true,200,/privacy-policy,200,0,true,"index, follow, max-image-preview:large, max-snippet:-1, max-video-preview:-1",https://www.electricscouts.com/privacy-policy,true,Privacy Policy | Electric Scouts,32,"How Electric Scouts collects, uses and protects your information when you compare electricity plans. We do not sell your personal information.",142,1,Privacy Policy,3,188,true,0,0,0,Organization WebSite BreadcrumbList,,345,32
/privacypolicy,redirect,redirect-source,false,301,/privacy-policy,200,1,false,"index, follow, max-image-preview:large, max-snippet:-1, max-video-preview:-1",https://www.electricscouts.com/privacy-policy,false,Privacy Policy | Electric Scouts,32,"How Electric Scouts collects, uses and protects your information when you compare electricity plans. We do not sell your personal information.",142,1,Privacy Policy,3,188,true,0,0,0,Organization WebSite BreadcrumbList,,0,0
/PrivacyPolicy,redirect,redirect-source,false,301,/privacy-policy,200,1,false,"index, follow, max-image-preview:large, max-snippet:-1, max-video-preview:-1",https://www.electricscouts.com/privacy-policy,false,Privacy Policy | Electric Scouts,32,"How Electric Scouts collects, uses and protects your information when you compare electricity plans. We do not sell your personal information.",142,1,Privacy Policy,3,188,true,0,0,0,Organization WebSite BreadcrumbList,,0,0
/provider-details,noindex,registry:noindex redirect-target canonical-target served-file,false,200,/provider-details,200,0,false,"noindex, follow",https://www.electricscouts.com/provider-details,true,Electricity Providers | Electric Scouts,39,,0,1,Electricity Providers | Electric Scouts,0,5,true,0,0,0,Organization WebSite BreadcrumbList,,0,32
/providerdetails,redirect,redirect-source,false,301,/provider-details,200,1,false,"noindex, follow",https://www.electricscouts.com/provider-details,false,Electricity Providers | Electric Scouts,39,,0,1,Electricity Providers | Electric Scouts,0,5,true,0,0,0,Organization WebSite BreadcrumbList,,0,0
/ProviderDetails,redirect,redirect-source,false,301,/provider-details,200,1,false,"noindex, follow",https://www.electricscouts.com/provider-details,false,Electricity Providers | Electric Scouts,39,,0,1,Electricity Providers | Electric Scouts,0,5,true,0,0,0,Organization WebSite BreadcrumbList,,0,0
/providers/ambit-energy,provider,registry:provider sitemap internal-link canonical-target served-file,true,200,/providers/ambit-energy,200,0,true,"index, follow, max-image-preview:large, max-snippet:-1, max-video-preview:-1",https://www.electricscouts.com/providers/ambit-energy,true,Ambit Energy Electricity Plans & Rates | Electric Scouts,56,"Compare 5 Ambit Energy electricity plans in 5 states from 9.49¢/kWh to 19.7¢/kWh. Contract terms, renewable options and where they serve.",137,1,Ambit Energy Electricity Plans and Rates,8,505,true,0,0,0,Organization WebSite BreadcrumbList FAQPage,,19,57
/providers/apge,provider,registry:provider sitemap internal-link canonical-target served-file,true,200,/providers/apge,200,0,true,"index, follow, max-image-preview:large, max-snippet:-1, max-video-preview:-1",https://www.electricscouts.com/providers/apge,true,APG&E Electricity Plans & Rates | Electric Scouts,49,"Compare 6 APG&E electricity plans in Texas from 11.8¢/kWh to 14.7¢/kWh. Contract terms, renewable options and where they serve.",127,1,APG&E Electricity Plans and Rates,8,434,true,0,0,0,Organization WebSite BreadcrumbList FAQPage,,10,49
/providers/champion-energy,provider,registry:provider sitemap internal-link canonical-target served-file,true,200,/providers/champion-energy,200,0,true,"index, follow, max-image-preview:large, max-snippet:-1, max-video-preview:-1",https://www.electricscouts.com/providers/champion-energy,true,Champion Energy Electricity Plans & Rates | Electric Scouts,59,"Compare 5 Champion Energy electricity plans in Texas from 9.8¢/kWh to 15.5¢/kWh. Contract terms, renewable options and where they serve.",136,1,Champion Energy Electricity Plans and Rates,8,507,true,0,0,0,Organization WebSite BreadcrumbList FAQPage,,11,53
/providers/chariot-energy,provider,registry:provider sitemap internal-link canonical-target served-file,true,200,/providers/chariot-energy,200,0,true,"index, follow, max-image-preview:large, max-snippet:-1, max-video-preview:-1",https://www.electricscouts.com/providers/chariot-energy,true,Chariot Energy Electricity Plans & Rates | Electric Scouts,58,"Compare 8 Chariot Energy electricity plans in Texas from 9.5¢/kWh to 18.9¢/kWh. Contract terms, renewable options and where they serve.",135,1,Chariot Energy Electricity Plans and Rates,8,463,true,0,0,0,Organization WebSite BreadcrumbList FAQPage,,5,45
/providers/cirro-energy,provider,registry:provider sitemap internal-link canonical-target served-file,true,200,/providers/cirro-energy,200,0,true,"index, follow, max-image-preview:large, max-snippet:-1, max-video-preview:-1",https://www.electricscouts.com/providers/cirro-energy,true,Cirro Energy Electricity Plans & Rates | Electric Scouts,56,"Compare 3 Cirro Energy electricity plans in Texas from 15.6¢/kWh to 15.7¢/kWh. Contract terms, renewable options and where they serve.",134,1,Cirro Energy Electricity Plans and Rates,8,443,true,0,0,0,Organization WebSite BreadcrumbList FAQPage,,5,46
/providers/cleanchoice-energy,provider,registry:provider sitemap internal-link canonical-target served-file,true,200,/providers/cleanchoice-energy,200,0,true,"index, follow, max-image-preview:large, max-snippet:-1, max-video-preview:-1",https://www.electricscouts.com/providers/cleanchoice-energy,true,CleanChoice Energy Electricity Plans & Rates,44,"Compare 17 CleanChoice Energy electricity plans in 9 states from 8.9¢/kWh to 16.49¢/kWh. Contract terms, renewable options and where they serve.",144,1,CleanChoice Energy Electricity Plans and Rates,8,567,true,0,0,0,Organization WebSite BreadcrumbList FAQPage,,22,63
/providers/clearview-energy,provider,registry:provider sitemap internal-link canonical-target served-file,true,200,/providers/clearview-energy,200,0,true,"index, follow, max-image-preview:large, max-snippet:-1, max-video-preview:-1",https://www.electricscouts.com/providers/clearview-energy,true,Clearview Energy Electricity Plans & Rates | Electric Scouts,60,"Compare 12 Clearview Energy electricity plans in 10 states from 6.59¢/kWh to 15.09¢/kWh. Contract terms, renewable options and where they serve.",144,1,Clearview Energy Electricity Plans and Rates,9,630,true,0,0,0,Organization WebSite BreadcrumbList FAQPage,,31,66
/providers/constellation-energy,provider,registry:provider sitemap internal-link canonical-target served-file,true,200,/providers/constellation-energy,200,0,true,"index, follow, max-image-preview:large, max-snippet:-1, max-video-preview:-1",https://www.electricscouts.com/providers/constellation-energy,true,Constellation Energy Electricity Plans & Rates,46,"Compare 41 Constellation Energy electricity plans in 12 states from 6.49¢/kWh to 16.9¢/kWh. Contract terms, renewable options and where they serve.",147,1,Constellation Energy Electricity Plans and Rates,8,627,true,0,0,0,Organization WebSite BreadcrumbList FAQPage,,34,71
/providers/direct-energy,provider,registry:provider sitemap internal-link canonical-target served-file,true,200,/providers/direct-energy,200,0,true,"index, follow, max-image-preview:large, max-snippet:-1, max-video-preview:-1",https://www.electricscouts.com/providers/direct-energy,true,Direct Energy Electricity Plans & Rates | Electric Scouts,57,"Compare 33 Direct Energy electricity plans in 11 states from 6.29¢/kWh to 15.8¢/kWh. Contract terms, renewable options and where they serve.",140,1,Direct Energy Electricity Plans and Rates,8,622,true,0,0,0,Organization WebSite BreadcrumbList FAQPage,,34,68
/providers/discount-power,provider,registry:provider sitemap internal-link canonical-target served-file,true,200,/providers/discount-power,200,0,true,"index, follow, max-image-preview:large, max-snippet:-1, max-video-preview:-1",https://www.electricscouts.com/providers/discount-power,true,Discount Power Electricity Plans & Rates | Electric Scouts,58,"Compare 5 Discount Power electricity plans in Texas from 15.5¢/kWh to 16.2¢/kWh. Contract terms, renewable options and where they serve.",136,1,Discount Power Electricity Plans and Rates,7,401,true,0,0,0,Organization WebSite BreadcrumbList FAQPage,,8,44
/providers/electricity-maine,provider,registry:provider sitemap internal-link canonical-target served-file,true,200,/providers/electricity-maine,200,0,true,"index, follow, max-image-preview:large, max-snippet:-1, max-video-preview:-1",https://www.electricscouts.com/providers/electricity-maine,true,Electricity Maine Electricity Plans & Rates,43,"Compare 2 Electricity Maine electricity plans in Maine from 15.99¢/kWh to 16.49¢/kWh. Contract terms, renewable options and where they serve.",141,1,Electricity Maine Electricity Plans and Rates,7,420,true,0,0,0,Organization WebSite BreadcrumbList FAQPage,,2,44
/providers/eligo-energy,provider,registry:provider sitemap internal-link canonical-target served-file,true,200,/providers/eligo-energy,200,0,true,"index, follow, max-image-preview:large, max-snippet:-1, max-video-preview:-1",https://www.electricscouts.com/providers/eligo-energy,true,Eligo Energy Electricity Plans & Rates | Electric Scouts,56,"Compare 11 Eligo Energy electricity plans in 7 states from 6.29¢/kWh to 13.79¢/kWh. Contract terms, renewable options and where they serve.",139,1,Eligo Energy Electricity Plans and Rates,8,527,true,0,0,0,Organization WebSite BreadcrumbList FAQPage,,8,58
/providers/frontier-utilities,provider,registry:provider sitemap internal-link canonical-target served-file,true,200,/providers/frontier-utilities,200,0,true,"index, follow, max-image-preview:large, max-snippet:-1, max-video-preview:-1",https://www.electricscouts.com/providers/frontier-utilities,true,Frontier Utilities Electricity Plans & Rates,44,"Compare 3 Frontier Utilities electricity plans in 2 states from 10¢/kWh to 13.2¢/kWh. Contract terms, renewable options and where they serve.",141,1,Frontier Utilities Electricity Plans and Rates,8,463,true,0,0,0,Organization WebSite BreadcrumbList FAQPage,,7,50
/providers/gexa-energy,provider,registry:provider sitemap internal-link canonical-target served-file,true,200,/providers/gexa-energy,200,0,true,"index, follow, max-image-preview:large, max-snippet:-1, max-video-preview:-1",https://www.electricscouts.com/providers/gexa-energy,true,Gexa Energy Electricity Plans & Rates | Electric Scouts,55,"Compare 3 Gexa Energy electricity plans in Texas from 10¢/kWh to 13.4¢/kWh. Contract terms, renewable options and where they serve.",131,1,Gexa Energy Electricity Plans and Rates,7,461,true,0,0,0,Organization WebSite BreadcrumbList FAQPage,,5,44
/providers/green-mountain-energy,provider,registry:provider sitemap internal-link canonical-target served-file,true,200,/providers/green-mountain-energy,200,0,true,"index, follow, max-image-preview:large, max-snippet:-1, max-video-preview:-1",https://www.electricscouts.com/providers/green-mountain-energy,true,Green Mountain Energy Electricity Plans & Rates,47,"Compare 17 Green Mountain Energy electricity plans in 7 states from 8.6¢/kWh to 17.9¢/kWh. Contract terms, renewable options and where they serve.",146,1,Green Mountain Energy Electricity Plans and Rates,8,553,true,0,0,0,Organization WebSite BreadcrumbList FAQPage,,13,58
/providers/indra-energy,provider,registry:provider sitemap internal-link canonical-target served-file,true,200,/providers/indra-energy,200,0,true,"index, follow, max-image-preview:large, max-snippet:-1, max-video-preview:-1",https://www.electricscouts.com/providers/indra-energy,true,Indra Energy Electricity Plans & Rates | Electric Scouts,56,"Compare 16 Indra Energy electricity plans in 6 states from 6.2¢/kWh to 14.5¢/kWh. Contract terms, renewable options and where they serve.",137,1,Indra Energy Electricity Plans and Rates,9,577,true,0,0,0,Organization WebSite BreadcrumbList FAQPage,,9,56
/providers/inspire-clean-energy,provider,registry:provider sitemap internal-link canonical-target served-file,true,200,/providers/inspire-clean-energy,200,0,true,"index, follow, max-image-preview:large, max-snippet:-1, max-video-preview:-1",https://www.electricscouts.com/providers/inspire-clean-energy,true,Inspire Clean Energy Electricity Plans & Rates,46,"Compare 15 Inspire Clean Energy electricity plans in 8 states from 8.49¢/kWh to 15.99¢/kWh. Contract terms, renewable options and where they serve.",147,1,Inspire Clean Energy Electricity Plans and Rates,8,563,true,0,0,0,Organization WebSite BreadcrumbList FAQPage,,20,60
/providers/just-energy,provider,registry:provider sitemap internal-link canonical-target served-file,true,200,/providers/just-energy,200,0,true,"index, follow, max-image-preview:large, max-snippet:-1, max-video-preview:-1",https://www.electricscouts.com/providers/just-energy,true,Just Energy Electricity Plans & Rates | Electric Scouts,55,"Compare 14 Just Energy electricity plans in 8 states from 8.3¢/kWh to 16.5¢/kWh. Contract terms, renewable options and where they serve.",136,1,Just Energy Electricity Plans and Rates,9,606,true,0,0,0,Organization WebSite BreadcrumbList FAQPage,,14,60
/providers/major-energy,provider,registry:provider sitemap internal-link canonical-target served-file,true,200,/providers/major-energy,200,0,true,"index, follow, max-image-preview:large, max-snippet:-1, max-video-preview:-1",https://www.electricscouts.com/providers/major-energy,true,Major Energy Electricity Plans & Rates | Electric Scouts,56,"Compare 7 Major Energy electricity plans in 6 states from 10.69¢/kWh to 14.79¢/kWh. Contract terms, renewable options and where they serve.",139,1,Major Energy Electricity Plans and Rates,8,505,true,0,0,0,Organization WebSite BreadcrumbList FAQPage,,8,57
/providers/nextvolt-energy,provider,registry:provider sitemap internal-link canonical-target served-file,true,200,/providers/nextvolt-energy,200,0,true,"index, follow, max-image-preview:large, max-snippet:-1, max-video-preview:-1",https://www.electricscouts.com/providers/nextvolt-energy,true,NextVolt Energy Electricity Plans & Rates | Electric Scouts,59,"Compare 7 NextVolt Energy electricity plans in Texas from 9.8¢/kWh to 14.8¢/kWh. Contract terms, renewable options and where they serve.",136,1,NextVolt Energy Electricity Plans and Rates,8,513,true,0,0,0,Organization WebSite BreadcrumbList FAQPage,,7,47
/providers/octopus-energy,provider,registry:provider sitemap internal-link canonical-target served-file,true,200,/providers/octopus-energy,200,0,true,"index, follow, max-image-preview:large, max-snippet:-1, max-video-preview:-1",https://www.electricscouts.com/providers/octopus-energy,true,Octopus Energy Electricity Plans & Rates | Electric Scouts,58,"Compare 6 Octopus Energy electricity plans in Texas from 9.8¢/kWh to 14.7¢/kWh. Contract terms, renewable options and where they serve.",135,1,Octopus Energy Electricity Plans and Rates,8,467,true,0,0,0,Organization WebSite BreadcrumbList FAQPage,,11,45
/providers/payless-power,provider,registry:provider sitemap internal-link canonical-target served-file,true,200,/providers/payless-power,200,0,true,"index, follow, max-image-preview:large, max-snippet:-1, max-video-preview:-1",https://www.electricscouts.com/providers/payless-power,true,Payless Power Electricity Plans & Rates | Electric Scouts,57,"Compare 2 Payless Power electricity plans in Texas from 16.5¢/kWh to 17.1¢/kWh. Contract terms, renewable options and where they serve.",135,1,Payless Power Electricity Plans and Rates,7,404,true,0,0,0,Organization WebSite BreadcrumbList FAQPage,,4,44
/providers/perch-energy,provider,registry:provider sitemap internal-link canonical-target served-file,true,200,/providers/perch-energy,200,0,true,"index, follow, max-image-preview:large, max-snippet:-1, max-video-preview:-1",https://www.electricscouts.com/providers/perch-energy,true,Perch Energy Electricity Plans & Rates | Electric Scouts,56,"Compare 15 Perch Energy electricity plans in 8 states from 9.8¢/kWh to 14.2¢/kWh. Contract terms, renewable options and where they serve.",137,1,Perch Energy Electricity Plans and Rates,8,610,true,0,0,0,Organization WebSite BreadcrumbList FAQPage,,15,60
/providers/public-power,provider,registry:provider sitemap internal-link canonical-target served-file,true,200,/providers/public-power,200,0,true,"index, follow, max-image-preview:large, max-snippet:-1, max-video-preview:-1",https://www.electricscouts.com/providers/public-power,true,Public Power Electricity Plans & Rates | Electric Scouts,56,"Compare 8 Public Power electricity plans in 8 states from 6.49¢/kWh to 13.99¢/kWh. Contract terms, renewable options and where they serve.",138,1,Public Power Electricity Plans and Rates,8,512,true,0,0,0,Organization WebSite BreadcrumbList FAQPage,,14,60
/providers/reliant-energy,provider,registry:provider sitemap internal-link canonical-target served-file,true,200,/providers/reliant-energy,200,0,true,"index, follow, max-image-preview:large, max-snippet:-1, max-video-preview:-1",https://www.electricscouts.com/providers/reliant-energy,true,Reliant Energy Electricity Plans & Rates | Electric Scouts,58,"Compare 5 Reliant Energy electricity plans in Texas from 15.8¢/kWh to 18.9¢/kWh. Contract terms, renewable options and where they serve.",136,1,Reliant Energy Electricity Plans and Rates,9,492,true,0,0,0,Organization WebSite BreadcrumbList FAQPage,,5,52
/providers/rhythm-energy,provider,registry:provider sitemap internal-link canonical-target served-file,true,200,/providers/rhythm-energy,200,0,true,"index, follow, max-image-preview:large, max-snippet:-1, max-video-preview:-1",https://www.electricscouts.com/providers/rhythm-energy,true,Rhythm Energy Electricity Plans & Rates | Electric Scouts,57,"Compare 8 Rhythm Energy electricity plans in Texas from 9.5¢/kWh to 14.2¢/kWh. Contract terms, renewable options and where they serve.",134,1,Rhythm Energy Electricity Plans and Rates,8,516,true,0,0,0,Organization WebSite BreadcrumbList FAQPage,,7,47
/providers/smartenergy,provider,registry:provider sitemap internal-link canonical-target served-file,true,200,/providers/smartenergy,200,0,true,"index, follow, max-image-preview:large, max-snippet:-1, max-video-preview:-1",https://www.electricscouts.com/providers/smartenergy,true,SmartEnergy Electricity Plans & Rates | Electric Scouts,55,"Compare 2 SmartEnergy electricity plans in 2 states from 10.3¢/kWh to 10.4¢/kWh. Contract terms, renewable options and where they serve.",136,1,SmartEnergy Electricity Plans and Rates,8,481,true,0,0,0,Organization WebSite BreadcrumbList FAQPage,,4,54
/providers/spark-energy,provider,registry:provider sitemap internal-link canonical-target served-file,true,200,/providers/spark-energy,200,0,true,"index, follow, max-image-preview:large, max-snippet:-1, max-video-preview:-1",https://www.electricscouts.com/providers/spark-energy,true,Spark Energy Electricity Plans & Rates | Electric Scouts,56,"Compare 11 Spark Energy electricity plans in 8 states from 6.59¢/kWh to 16.8¢/kWh. Contract terms, renewable options and where they serve.",138,1,Spark Energy Electricity Plans and Rates,9,560,true,0,0,0,Organization WebSite BreadcrumbList FAQPage,,14,61
/providers/think-energy,provider,registry:provider sitemap internal-link canonical-target served-file,true,200,/providers/think-energy,200,0,true,"index, follow, max-image-preview:large, max-snippet:-1, max-video-preview:-1",https://www.electricscouts.com/providers/think-energy,true,Think Energy Electricity Plans & Rates | Electric Scouts,56,"Compare 9 Think Energy electricity plans in 7 states from 6.49¢/kWh to 15.4¢/kWh. Contract terms, renewable options and where they serve.",137,1,Think Energy Electricity Plans and Rates,9,588,true,0,0,0,Organization WebSite BreadcrumbList FAQPage,,14,62
/providers/town-square-energy,provider,registry:provider sitemap internal-link canonical-target served-file,true,200,/providers/town-square-energy,200,0,true,"index, follow, max-image-preview:large, max-snippet:-1, max-video-preview:-1",https://www.electricscouts.com/providers/town-square-energy,true,Town Square Energy Electricity Plans & Rates,44,"Compare 12 Town Square Energy electricity plans in 8 states from 6.39¢/kWh to 14.49¢/kWh. Contract terms, renewable options and where they serve.",145,1,Town Square Energy Electricity Plans and Rates,9,641,true,0,0,0,Organization WebSite BreadcrumbList FAQPage,,13,62
/providers/trieagle-energy,provider,registry:provider sitemap internal-link canonical-target served-file,true,200,/providers/trieagle-energy,200,0,true,"index, follow, max-image-preview:large, max-snippet:-1, max-video-preview:-1",https://www.electricscouts.com/providers/trieagle-energy,true,TriEagle Energy Electricity Plans & Rates | Electric Scouts,59,"Compare 6 TriEagle Energy electricity plans in Texas from 14.5¢/kWh to 17.2¢/kWh. Contract terms, renewable options and where they serve.",137,1,TriEagle Energy Electricity Plans and Rates,8,457,true,0,0,0,Organization WebSite BreadcrumbList FAQPage,,10,46
/providers/txu-energy,provider,registry:provider sitemap internal-link canonical-target served-file,true,200,/providers/txu-energy,200,0,true,"index, follow, max-image-preview:large, max-snippet:-1, max-video-preview:-1",https://www.electricscouts.com/providers/txu-energy,true,TXU Energy Electricity Plans & Rates | Electric Scouts,54,"Compare 4 TXU Energy electricity plans in Texas from 9.8¢/kWh to 16.4¢/kWh. Contract terms, renewable options and where they serve.",131,1,TXU Energy Electricity Plans and Rates,8,489,true,0,0,0,Organization WebSite BreadcrumbList FAQPage,,7,46
/providers/verde-energy,provider,registry:provider sitemap internal-link canonical-target served-file,true,200,/providers/verde-energy,200,0,true,"index, follow, max-image-preview:large, max-snippet:-1, max-video-preview:-1",https://www.electricscouts.com/providers/verde-energy,true,Verde Energy Electricity Plans & Rates | Electric Scouts,56,"Compare 25 Verde Energy electricity plans in 11 states from 7.49¢/kWh to 16.49¢/kWh. Contract terms, renewable options and where they serve.",140,1,Verde Energy Electricity Plans and Rates,8,590,true,0,0,0,Organization WebSite BreadcrumbList FAQPage,,28,67
/providers/viridian-energy,provider,registry:provider sitemap internal-link canonical-target served-file,true,200,/providers/viridian-energy,200,0,true,"index, follow, max-image-preview:large, max-snippet:-1, max-video-preview:-1",https://www.electricscouts.com/providers/viridian-energy,true,Viridian Energy Electricity Plans & Rates | Electric Scouts,59,"Compare 8 Viridian Energy electricity plans in 8 states from 11.99¢/kWh to 16.49¢/kWh. Contract terms, renewable options and where they serve.",142,1,Viridian Energy Electricity Plans and Rates,8,570,true,0,0,0,Organization WebSite BreadcrumbList FAQPage,,14,61
/providers/xoom-energy,provider,registry:provider sitemap internal-link canonical-target served-file,true,200,/providers/xoom-energy,200,0,true,"index, follow, max-image-preview:large, max-snippet:-1, max-video-preview:-1",https://www.electricscouts.com/providers/xoom-energy,true,XOOM Energy Electricity Plans & Rates | Electric Scouts,55,"Compare 21 XOOM Energy electricity plans in 11 states from 6.39¢/kWh to 15.49¢/kWh. Contract terms, renewable options and where they serve.",139,1,XOOM Energy Electricity Plans and Rates,9,636,true,0,0,0,Organization WebSite BreadcrumbList FAQPage,,31,69
/renewable-compare-rates,static,registry:static sitemap redirect-target internal-link canonical-target served-file,true,200,/renewable-compare-rates,200,0,true,"index, follow, max-image-preview:large, max-snippet:-1, max-video-preview:-1",https://www.electricscouts.com/renewable-compare-rates,true,Compare Renewable Electricity Plans | Electric Scouts,53,"Filter the comparison down to plans backed by 100% renewable energy and rank them by rate, contract length or supplier. Enter a ZIP code to start.",146,1,Compare Renewable Electricity Plans,8,703,true,0,0,0,Organization WebSite BreadcrumbList FAQPage,,148,47
/renewable-energy,static,registry:static sitemap redirect-target internal-link canonical-target served-file,true,200,/renewable-energy,200,0,true,"index, follow, max-image-preview:large, max-snippet:-1, max-video-preview:-1",https://www.electricscouts.com/renewable-energy,true,How Renewable Electricity Plans Work | Electric Scouts,54,"How 100% renewable electricity plans actually work, what they cost, and which suppliers offer them in each deregulated state we cover.",134,1,How Renewable Electricity Plans Work,9,1115,true,0,0,0,Organization WebSite BreadcrumbList FAQPage,,345,49
/renewablecomparerates,redirect,redirect-source,false,301,/renewable-compare-rates,200,1,false,"index, follow, max-image-preview:large, max-snippet:-1, max-video-preview:-1",https://www.electricscouts.com/renewable-compare-rates,false,Compare Renewable Electricity Plans | Electric Scouts,53,"Filter the comparison down to plans backed by 100% renewable energy and rank them by rate, contract length or supplier. Enter a ZIP code to start.",146,1,Compare Renewable Electricity Plans,8,703,true,0,0,0,Organization WebSite BreadcrumbList FAQPage,,0,0
/RenewableCompareRates,redirect,redirect-source,false,301,/renewable-compare-rates,200,1,false,"index, follow, max-image-preview:large, max-snippet:-1, max-video-preview:-1",https://www.electricscouts.com/renewable-compare-rates,false,Compare Renewable Electricity Plans | Electric Scouts,53,"Filter the comparison down to plans backed by 100% renewable energy and rank them by rate, contract length or supplier. Enter a ZIP code to start.",146,1,Compare Renewable Electricity Plans,8,703,true,0,0,0,Organization WebSite BreadcrumbList FAQPage,,0,0
/renewableenergy,redirect,redirect-source,false,301,/renewable-energy,200,1,false,"index, follow, max-image-preview:large, max-snippet:-1, max-video-preview:-1",https://www.electricscouts.com/renewable-energy,false,How Renewable Electricity Plans Work | Electric Scouts,54,"How 100% renewable electricity plans actually work, what they cost, and which suppliers offer them in each deregulated state we cover.",134,1,How Renewable Electricity Plans Work,9,1115,true,0,0,0,Organization WebSite BreadcrumbList FAQPage,,0,0
/RenewableEnergy,redirect,redirect-source,false,301,/renewable-energy,200,1,false,"index, follow, max-image-preview:large, max-snippet:-1, max-video-preview:-1",https://www.electricscouts.com/renewable-energy,false,How Renewable Electricity Plans Work | Electric Scouts,54,"How 100% renewable electricity plans actually work, what they cost, and which suppliers offer them in each deregulated state we cover.",134,1,How Renewable Electricity Plans Work,9,1115,true,0,0,0,Organization WebSite BreadcrumbList FAQPage,,0,0
/residential-electricity,static,registry:static sitemap redirect-target internal-link canonical-target served-file,true,200,/residential-electricity,200,0,true,"index, follow, max-image-preview:large, max-snippet:-1, max-video-preview:-1",https://www.electricscouts.com/residential-electricity,true,Compare Residential Electricity Rates | Electric Scouts,55,"Compare the electricity plans sold to homes at your address — house, apartment or condo — with rate, contract length and early termination fee side by side.",156,1,Compare Residential Electricity Options,7,617,true,0,0,0,Organization WebSite BreadcrumbList FAQPage,,345,51
/residentialelectricity,redirect,redirect-source,false,301,/residential-electricity,200,1,false,"index, follow, max-image-preview:large, max-snippet:-1, max-video-preview:-1",https://www.electricscouts.com/residential-electricity,false,Compare Residential Electricity Rates | Electric Scouts,55,"Compare the electricity plans sold to homes at your address — house, apartment or condo — with rate, contract length and early termination fee side by side.",156,1,Compare Residential Electricity Options,7,617,true,0,0,0,Organization WebSite BreadcrumbList FAQPage,,0,0
/ResidentialElectricity,redirect,redirect-source,false,301,/residential-electricity,200,1,false,"index, follow, max-image-preview:large, max-snippet:-1, max-video-preview:-1",https://www.electricscouts.com/residential-electricity,false,Compare Residential Electricity Rates | Electric Scouts,55,"Compare the electricity plans sold to homes at your address — house, apartment or condo — with rate, contract length and early termination fee side by side.",156,1,Compare Residential Electricity Options,7,617,true,0,0,0,Organization WebSite BreadcrumbList FAQPage,,0,0
/rhode-island-electricity,state,registry:state sitemap redirect-target internal-link canonical-target served-file,true,200,/rhode-island-electricity,200,0,true,"index, follow, max-image-preview:large, max-snippet:-1, max-video-preview:-1",https://www.electricscouts.com/rhode-island-electricity,true,Rhode Island Electricity Rates & Providers | Electric Scouts,60,"Compare 16 Rhode Island electricity plans from 8 suppliers, 10¢/kWh–15.99¢/kWh. Rates by city, renewable options and how switching works.",137,1,Rhode Island Electricity Rates and Providers,10,678,true,0,0,0,Organization WebSite BreadcrumbList FAQPage,,345,68
/rhodeislandelectricity,redirect,redirect-source,false,301,/rhode-island-electricity,200,1,false,"index, follow, max-image-preview:large, max-snippet:-1, max-video-preview:-1",https://www.electricscouts.com/rhode-island-electricity,false,Rhode Island Electricity Rates & Providers | Electric Scouts,60,"Compare 16 Rhode Island electricity plans from 8 suppliers, 10¢/kWh–15.99¢/kWh. Rates by city, renewable options and how switching works.",137,1,Rhode Island Electricity Rates and Providers,10,678,true,0,0,0,Organization WebSite BreadcrumbList FAQPage,,0,0
/RhodeIslandElectricity,redirect,redirect-source,false,301,/rhode-island-electricity,200,1,false,"index, follow, max-image-preview:large, max-snippet:-1, max-video-preview:-1",https://www.electricscouts.com/rhode-island-electricity,false,Rhode Island Electricity Rates & Providers | Electric Scouts,60,"Compare 16 Rhode Island electricity plans from 8 suppliers, 10¢/kWh–15.99¢/kWh. Rates by city, renewable options and how switching works.",137,1,Rhode Island Electricity Rates and Providers,10,678,true,0,0,0,Organization WebSite BreadcrumbList FAQPage,,0,0
/robots,noindex,registry:noindex redirect-target canonical-target served-file,false,200,/robots,200,0,false,"noindex, follow",https://www.electricscouts.com/robots,true,Robots | Electric Scouts,24,,0,1,Robots | Electric Scouts,0,4,true,0,0,0,Organization WebSite BreadcrumbList,,0,32
/Robots,redirect,redirect-source,false,301,/robots,200,1,false,"noindex, follow",https://www.electricscouts.com/robots,true,Robots | Electric Scouts,24,,0,1,Robots | Electric Scouts,0,4,true,0,0,0,Organization WebSite BreadcrumbList,,0,0
/savings-calculator,static,registry:static sitemap redirect-target internal-link canonical-target served-file,true,200,/savings-calculator,200,0,true,"index, follow, max-image-preview:large, max-snippet:-1, max-video-preview:-1",https://www.electricscouts.com/savings-calculator,true,Electricity Savings Calculator | Electric Scouts,48,"Enter your current rate and monthly usage to estimate what a different electricity plan would cost you over a year, using your own numbers.",139,1,Electricity Savings Calculator,12,1537,true,0,0,0,Organization WebSite BreadcrumbList FAQPage,,345,38
/savingscalculator,redirect,redirect-source,false,301,/savings-calculator,200,1,false,"index, follow, max-image-preview:large, max-snippet:-1, max-video-preview:-1",https://www.electricscouts.com/savings-calculator,false,Electricity Savings Calculator | Electric Scouts,48,"Enter your current rate and monthly usage to estimate what a different electricity plan would cost you over a year, using your own numbers.",139,1,Electricity Savings Calculator,12,1537,true,0,0,0,Organization WebSite BreadcrumbList FAQPage,,0,0
/SavingsCalculator,redirect,redirect-source,false,301,/savings-calculator,200,1,false,"index, follow, max-image-preview:large, max-snippet:-1, max-video-preview:-1",https://www.electricscouts.com/savings-calculator,false,Electricity Savings Calculator | Electric Scouts,48,"Enter your current rate and monthly usage to estimate what a different electricity plan would cost you over a year, using your own numbers.",139,1,Electricity Savings Calculator,12,1537,true,0,0,0,Organization WebSite BreadcrumbList FAQPage,,0,0
/sitemap,noindex,registry:noindex redirect-target canonical-target served-file,false,200,/sitemap,200,0,false,"noindex, follow",https://www.electricscouts.com/sitemap,true,Sitemap | Electric Scouts,25,,0,1,Sitemap | Electric Scouts,0,4,true,0,0,0,Organization WebSite BreadcrumbList,,0,32
/Sitemap,redirect,redirect-source,false,301,/sitemap,200,1,false,"noindex, follow",https://www.electricscouts.com/sitemap,true,Sitemap | Electric Scouts,25,,0,1,Sitemap | Electric Scouts,0,4,true,0,0,0,Organization WebSite BreadcrumbList,,0,0
/sitemap-xml,noindex,registry:noindex redirect-target canonical-target served-file,false,200,/sitemap-xml,200,0,false,"noindex, follow",https://www.electricscouts.com/sitemap-xml,true,Sitemap XML | Electric Scouts,29,,0,1,Sitemap XML | Electric Scouts,0,5,true,0,0,0,Organization WebSite BreadcrumbList,,0,32
/sitemapxml,redirect,redirect-source,false,301,/sitemap-xml,200,1,false,"noindex, follow",https://www.electricscouts.com/sitemap-xml,false,Sitemap XML | Electric Scouts,29,,0,1,Sitemap XML | Electric Scouts,0,5,true,0,0,0,Organization WebSite BreadcrumbList,,0,0
/SitemapXML,redirect,redirect-source,false,301,/sitemap-xml,200,1,false,"noindex, follow",https://www.electricscouts.com/sitemap-xml,false,Sitemap XML | Electric Scouts,29,,0,1,Sitemap XML | Electric Scouts,0,5,true,0,0,0,Organization WebSite BreadcrumbList,,0,0
/terms-of-service,static,registry:static sitemap redirect-target internal-link canonical-target served-file,true,200,/terms-of-service,200,0,true,"index, follow, max-image-preview:large, max-snippet:-1, max-video-preview:-1",https://www.electricscouts.com/terms-of-service,true,Terms of Service | Electric Scouts,34,"The terms that apply when you use Electric Scouts to compare electricity plans: accuracy of rates, affiliate relationships and limitation of liability.",151,1,Terms of Service,3,190,true,0,0,0,Organization WebSite BreadcrumbList,,345,32
/termsofservice,redirect,redirect-source,false,301,/terms-of-service,200,1,false,"index, follow, max-image-preview:large, max-snippet:-1, max-video-preview:-1",https://www.electricscouts.com/terms-of-service,false,Terms of Service | Electric Scouts,34,"The terms that apply when you use Electric Scouts to compare electricity plans: accuracy of rates, affiliate relationships and limitation of liability.",151,1,Terms of Service,3,190,true,0,0,0,Organization WebSite BreadcrumbList,,0,0
/TermsOfService,redirect,redirect-source,false,301,/terms-of-service,200,1,false,"index, follow, max-image-preview:large, max-snippet:-1, max-video-preview:-1",https://www.electricscouts.com/terms-of-service,false,Terms of Service | Electric Scouts,34,"The terms that apply when you use Electric Scouts to compare electricity plans: accuracy of rates, affiliate relationships and limitation of liability.",151,1,Terms of Service,3,190,true,0,0,0,Organization WebSite BreadcrumbList,,0,0
/texas-electricity,state,registry:state sitemap redirect-target internal-link canonical-target served-file,true,200,/texas-electricity,200,0,true,"index, follow, max-image-preview:large, max-snippet:-1, max-video-preview:-1",https://www.electricscouts.com/texas-electricity,true,Texas Electricity Rates & Providers | Electric Scouts,53,"Compare 108 Texas electricity plans from 22 suppliers, 8.9¢/kWh–19.7¢/kWh. Rates by city, renewable options and how switching works.",132,1,Texas Electricity Rates and Providers,10,763,true,0,0,0,Organization WebSite BreadcrumbList FAQPage,,345,104
/texaselectricity,redirect,redirect-source,false,301,/texas-electricity,200,1,false,"index, follow, max-image-preview:large, max-snippet:-1, max-video-preview:-1",https://www.electricscouts.com/texas-electricity,false,Texas Electricity Rates & Providers | Electric Scouts,53,"Compare 108 Texas electricity plans from 22 suppliers, 8.9¢/kWh–19.7¢/kWh. Rates by city, renewable options and how switching works.",132,1,Texas Electricity Rates and Providers,10,763,true,0,0,0,Organization WebSite BreadcrumbList FAQPage,,0,0
/TexasElectricity,redirect,redirect-source,false,301,/texas-electricity,200,1,false,"index, follow, max-image-preview:large, max-snippet:-1, max-video-preview:-1",https://www.electricscouts.com/texas-electricity,false,Texas Electricity Rates & Providers | Electric Scouts,53,"Compare 108 Texas electricity plans from 22 suppliers, 8.9¢/kWh–19.7¢/kWh. Rates by city, renewable options and how switching works.",132,1,Texas Electricity Rates and Providers,10,763,true,0,0,0,Organization WebSite BreadcrumbList FAQPage,,0,0
/utilities,utility-hub,registry:utility-hub sitemap internal-link canonical-target served-file,true,200,/utilities,200,0,true,"index, follow, max-image-preview:large, max-snippet:-1, max-video-preview:-1",https://www.electricscouts.com/utilities,true,Electricity Utilities by Territory | Electric Scouts,52,"The utility delivers your power; a supplier sets the rate. What your delivery company controls, what it does not, and who you can buy from instead.",147,1,Electricity Utilities and What They Actually Charge For,7,952,true,0,0,0,Organization WebSite BreadcrumbList FAQPage,,345,49
/utilities/ameren-illinois,utility,registry:utility sitemap internal-link canonical-target served-file,true,200,/utilities/ameren-illinois,200,0,true,"index, follow, max-image-preview:large, max-snippet:-1, max-video-preview:-1",https://www.electricscouts.com/utilities/ameren-illinois,true,Ameren Illinois Electricity Rates and Delivery,46,"Ameren Illinois delivers power in Illinois — it does not set your energy rate. What it charges for, and the plans you can buy instead.",134,1,Ameren Illinois Electricity Rates,6,961,true,0,0,0,Organization WebSite BreadcrumbList FAQPage,,6,44
/utilities/bge,utility,registry:utility sitemap internal-link canonical-target served-file,true,200,/utilities/bge,200,0,true,"index, follow, max-image-preview:large, max-snippet:-1, max-video-preview:-1",https://www.electricscouts.com/utilities/bge,true,BGE Electricity Rates: Delivery vs Supply | Electric Scouts,59,"BGE delivers power in Maryland — it does not set your energy rate. What it charges for, and the plans you can buy instead.",122,1,BGE Electricity Rates,6,729,true,0,0,0,Organization WebSite BreadcrumbList FAQPage,,5,43
/utilities/central-maine-power,utility,registry:utility sitemap internal-link canonical-target served-file,true,200,/utilities/central-maine-power,200,0,true,"index, follow, max-image-preview:large, max-snippet:-1, max-video-preview:-1",https://www.electricscouts.com/utilities/central-maine-power,true,CMP Electricity Rates: Delivery vs Supply | Electric Scouts,59,"CMP delivers power in Maine — it does not set your energy rate. What it charges for, and the plans you can buy instead.",119,1,Central Maine Power Electricity Rates,6,769,true,0,0,0,Organization WebSite BreadcrumbList FAQPage,,6,44
/utilities/comed,utility,registry:utility sitemap internal-link canonical-target served-file,true,200,/utilities/comed,200,0,true,"index, follow, max-image-preview:large, max-snippet:-1, max-video-preview:-1",https://www.electricscouts.com/utilities/comed,true,ComEd Electricity Rates and Delivery | Electric Scouts,54,"ComEd delivers power in Illinois — it does not set your energy rate. What it charges for, and the plans you can buy instead.",124,1,ComEd Electricity Rates,6,960,true,0,0,0,Organization WebSite BreadcrumbList FAQPage,,9,47
/utilities/eversource,utility,registry:utility sitemap internal-link canonical-target served-file,true,200,/utilities/eversource,200,0,true,"index, follow, max-image-preview:large, max-snippet:-1, max-video-preview:-1",https://www.electricscouts.com/utilities/eversource,true,Eversource Electricity Rates and Delivery | Electric Scouts,59,"Eversource delivers your power but does not set your energy rate. What it charges for, and the plans you can buy instead.",121,1,Eversource Electricity Rates,6,1025,true,0,0,0,Organization WebSite BreadcrumbList FAQPage,,17,57
/utilities/national-grid,utility,registry:utility sitemap internal-link canonical-target served-file,true,200,/utilities/national-grid,200,0,true,"index, follow, max-image-preview:large, max-snippet:-1, max-video-preview:-1",https://www.electricscouts.com/utilities/national-grid,true,National Grid Electricity Rates and Delivery,44,"National Grid delivers power in Massachusetts, New York — it does not set your energy rate. What it charges for, and the plans you can buy instead.",147,1,National Grid Electricity Rates,6,980,true,0,0,0,Organization WebSite BreadcrumbList FAQPage,,9,48
/utilities/ohio-edison,utility,registry:utility sitemap internal-link canonical-target served-file,true,200,/utilities/ohio-edison,200,0,true,"index, follow, max-image-preview:large, max-snippet:-1, max-video-preview:-1",https://www.electricscouts.com/utilities/ohio-edison,true,Ohio Edison Electricity Rates and Delivery | Electric Scouts,60,"Ohio Edison delivers power in Ohio — it does not set your energy rate. What it charges for, and the plans you can buy instead.",126,1,Ohio Edison Electricity Rates,6,826,true,0,0,0,Organization WebSite BreadcrumbList FAQPage,,5,43
/utilities/oncor-electric-delivery,utility,registry:utility sitemap internal-link canonical-target served-file,true,200,/utilities/oncor-electric-delivery,200,0,true,"index, follow, max-image-preview:large, max-snippet:-1, max-video-preview:-1",https://www.electricscouts.com/utilities/oncor-electric-delivery,true,Oncor Electricity Rates and Delivery | Electric Scouts,54,"Oncor delivers power in Texas — it does not set your energy rate. What it charges for, and the plans you can buy instead.",121,1,Oncor Electric Delivery Electricity Rates,6,877,true,0,0,0,Organization WebSite BreadcrumbList FAQPage,,16,49
/utilities/ppl-electric,utility,registry:utility sitemap internal-link canonical-target served-file,true,200,/utilities/ppl-electric,200,0,true,"index, follow, max-image-preview:large, max-snippet:-1, max-video-preview:-1",https://www.electricscouts.com/utilities/ppl-electric,true,PPL Electricity Rates: Delivery vs Supply | Electric Scouts,59,"PPL delivers power in Pennsylvania — it does not set your energy rate. What it charges for, and the plans you can buy instead.",126,1,PPL Electric Electricity Rates,6,756,true,0,0,0,Organization WebSite BreadcrumbList FAQPage,,6,44
/utilities/pse-and-g,utility,registry:utility sitemap internal-link canonical-target served-file,true,200,/utilities/pse-and-g,200,0,true,"index, follow, max-image-preview:large, max-snippet:-1, max-video-preview:-1",https://www.electricscouts.com/utilities/pse-and-g,true,PSE&G Electricity Rates and Delivery | Electric Scouts,54,"PSE&G delivers power in New Jersey — it does not set your energy rate. What it charges for, and the plans you can buy instead.",126,1,PSE&G Electricity Rates,6,748,true,0,0,0,Organization WebSite BreadcrumbList FAQPage,,6,44
/utilities/rhode-island-energy,utility,registry:utility sitemap internal-link canonical-target served-file,true,200,/utilities/rhode-island-energy,200,0,true,"index, follow, max-image-preview:large, max-snippet:-1, max-video-preview:-1",https://www.electricscouts.com/utilities/rhode-island-energy,true,Rhode Island Energy Electricity Rates and Delivery,50,"Rhode Island Energy delivers power in Rhode Island — it does not set your energy rate. What it charges for, and the plans you can buy instead.",142,1,Rhode Island Energy Electricity Rates,6,781,true,0,0,0,Organization WebSite BreadcrumbList FAQPage,,7,45
